{"order":["banner","product-grid","b8c082c0-231d-4c06-9d13-dfb268c0669f","product-recently-viewed"],"sections":{"b8c082c0-231d-4c06-9d13-dfb268c0669f":{"block_order":["e814487a-5760-4ac2-8d2a-c7d52d5c0a29"],"blocks":{"e814487a-5760-4ac2-8d2a-c7d52d5c0a29":{"settings":{"adaptive_height_video":"56","align":"left","bg_color_icon":"#000000","btn_2_text":"Shop Now","btn_text":"Sample Button","button_1_width":235,"button_2_background":"#232323","button_2_background_gradient":"","button_2_background_gradient_hover":"","button_2_background_hover":"#232323","button_2_border":"#232323","button_2_border_hover":"#232323","button_2_color":"#ffffff","button_2_color_hover":"#ffffff","button_2_spacing_top":10,"button_2_width":235,"button_background":"#232323","button_background_gradient":"","button_background_gradient_hover":"","button_background_hover":"#232323","button_border":"#232323","button_border_hover":"#232323","button_color":"#ffffff","button_color_hover":"#ffffff","button_pos_from_center":0,"button_spacing_left":50,"color_des":"#232323","color_heading":"#232323","color_icon":"#ffffff","color_sub_title":"#787878","content_border_color":"#232323","content_pos_from_center":0,"content_spacing_right":50,"content_width":575,"divider_bg_color":"","divider_position_from_center":0,"enable_button_custom_border":false,"enable_content_border":false,"enable_divider":true,"font_size_des":16,"font_size_des_mb":16,"font_size_heading":40,"font_size_heading_mb":24,"font_size_sub_title":16,"font_size_sub_title_mb":16,"font_weight_heading":"700","font_weight_sub_title":"500","heading":"Creation Of Hidden Beauty","icon_style":"style_1","letter_spacing_heading":"","letter_spacing_sub_title":"","line_height_des":26,"link":"shopify://collections/belle-doll-featured-products","link_btn_2":"","margin_bottom_des":30,"margin_bottom_heading":20,"margin_bottom_sub_title":30,"mg_bottom_icon":25,"row_reverse":false,"smallImg_justify":"flex-start","small_banner_bg_color":"#f5f5f5","small_img_block_style":"style_1","sub_heading_font":"font_1","sub_title":"Sample Heading Title Goes Here","sub_title_position":"sub_title_above","text":"Nam tempus turpis at metus scelerisque placerat nulla deumantos sollicitudin felis. Pellentesque diam dolor, elementum et lobortis at, mollis duto an risus. Sedcuman des faucibus sullamcorper mattis fusce molestie elit a lorem tempus scelerisque blandit est cursus...","video_link":""},"type":"smallImg"}},"disabled":true,"settings":{"arrows_position":"","bg_color":"","bg_color_gradient":"","color_des":"#202020","color_title":"#202020","container":"fullwidth","display_type":"slide","enable_arrows":false,"enable_autoplay":false,"enable_border_title":false,"enable_dots":false,"fontsize_des":16,"fontsize_title":24,"fontsize_title_mb":20,"image_banner_des":"","image_banner_title":"","list_gap":0,"margin_bottom_title":25,"mg_bottom_desktop":50,"mg_bottom_mobile":50,"mg_bottom_tablet":50,"mg_top_desktop":50,"mg_top_mobile":50,"mg_top_tablet":50,"padding_full_width":0,"style_bg":"none","title_align":"center"},"type":"image-banner"},"banner":{"block_order":["9f9a1a80-3370-40db-9cd2-836840e2073b","9147d182-d0c6-4b47-ad9e-97ad5cd6ae5a"],"blocks":{"9147d182-d0c6-4b47-ad9e-97ad5cd6ae5a":{"settings":{"all_sub_collection_padding_bottom":10,"all_sub_collection_padding_top":10,"collection_description_align":"left","collection_description_align_tb":"center","collection_description_bg":"#ffffff","collection_description_bg_gradient":"","collection_description_color":"#232323","collection_description_position":"relative","color_sub_collection":"#ffffff","colors_bg":"#fafafa","colors_bg_gradient":"","fontsize_sub_collection":12,"fontweight_sub_collection":"500","maxheight_sub_collection":90,"maxwidth_collection_description":100,"show_collection_description":true,"show_read_more_read_less":false,"show_sub_collection":false,"show_sub_collection_image":false,"sub_collection_background":"#232323","sub_collection_background_gradient":"","sub_collection_background_gradient_hover":"","sub_collection_background_hover":"#ffffff","sub_collection_border":"#232323","sub_collection_border_hover":"#232323","sub_collection_color_hover":"#232323","sub_collection_description_position":"relative","sub_collection_grid_gap":15,"sub_collection_layout":"grid","sub_collection_mg_top":0,"sub_collection_padding_bottom":10,"sub_collection_padding_top":10,"sub_collection_text_transform":"uppercase","sub_collection_title":"Jump To","sub_collection_title_color":"#000000","sub_collection_type":"all"},"type":"description"},"9f9a1a80-3370-40db-9cd2-836840e2073b":{"settings":{"bg_overlay":"#000000","show_bg_overlay":false,"show_image_parallax":false,"type":"custom"},"type":"image"}},"settings":{"breadcrumb_alignment":"left","breadcrumb_bg":"rgba(0,0,0,0)","breadcrumb_bg_mb":"#f6f6f6","breadcrumb_color":"#999999","breadcrumb_color_mb":"","breadcrumb_gradient":"","breadcrumb_gradient_mb":"","container":"default","layout":"1","mg_bottom_desktop":50,"mg_bottom_mobile":20,"mg_bottom_tablet":20,"mg_top_desktop":0,"mg_top_mobile":0,"mg_top_tablet":0,"page_title_alignment":"left","show_breadcrumb":false,"show_page_title":true},"type":"main-collection-banner"},"product-grid":{"block_order":["80b0a11c-fb01-4b89-8a29-1dbb2a1db16a","ce351101-2c54-4627-b740-b2c592067b4a","6684d566-6940-4457-9cf9-f1a8a6e80573","3978fd59-b580-49e1-9893-38d762f48f10","34930b49-8499-46d3-bf41-2cbb334ca73d","2f7f02ac-4072-40ea-844f-59943e256971"],"blocks":{"2f7f02ac-4072-40ea-844f-59943e256971":{"disabled":true,"settings":{"heading":"Custom Block","show_block":true,"text":"\u003cp\u003eCustom CMS block displayed at the left sidebar on the Catalog Page. Put your own content here: text, html, images, media... or whatever you like.\u003c/p\u003e\n\n\u003cp\u003eThere are many similar sample content placeholders across the store. All editable from admin panel.\u003c/p\u003e"},"type":"text"},"34930b49-8499-46d3-bf41-2cbb334ca73d":{"disabled":true,"settings":{"heading":"","link":"shopify://collections/belle-doll-featured-products","show_block":true},"type":"image"},"3978fd59-b580-49e1-9893-38d762f48f10":{"disabled":true,"settings":{"heading":"Featured Products","product_block_arrows":true,"product_block_collection":"belle-doll-sidebar","product_block_dots":false,"product_block_layout":"slider","product_block_limit":3,"show_block":true},"type":"product_block"},"6684d566-6940-4457-9cf9-f1a8a6e80573":{"disabled":true,"settings":{"heading":"Size","list_tags":"S,XS,M,L,XL"},"type":"filter"},"80b0a11c-fb01-4b89-8a29-1dbb2a1db16a":{"settings":{"heading":"Categories","link_list":"","show_block":true,"type":"1_level"},"type":"category"},"ce351101-2c54-4627-b740-b2c592067b4a":{"disabled":true,"settings":{"heading":"Color","list_tags":"White,Black,Blue,Invory,Beige,Brown,Silver,Olive,Gainsboro,DimGray,Burlywood,Lightblue,Salmon,LightPink,LightCoral"},"type":"filter"}},"settings":{"banner_position_1":"4","banner_position_2":"5","banner_position_3":"12","colors_bg":"rgba(0,0,0,0)","colors_bg_gradient":"","container":"default","enable_sticky":false,"filter_display_type":"show-more","filter_hidden_tag_list":"","filter_rectangle":"Size","filter_swatch":"Color","filter_swatch_type":"color","layout":"3","link_banner_1":"","link_banner_2":"","link_banner_3":"","max_item_per_filter":10,"mg_bottom_desktop":0,"mg_bottom_mobile":0,"mg_bottom_tablet":0,"mg_top_desktop":0,"mg_top_mobile":0,"mg_top_tablet":0,"products_per_page":"20","show_banner":false,"show_banner_1":true,"show_banner_2":true,"show_banner_3":true,"show_filter":true,"show_infinite_scrolling":"show_more","show_item_per_page":true,"show_sidebar":true,"show_sidebar_collapse":true,"show_sorting":true,"show_toolbar":true,"show_view_as":true,"sidebar_collapse_default":"expand","sidebar_heading_font":"font_1","sidebar_heading_font_size":14,"sidebar_heading_font_weight":"700","sidebar_heading_text_transform":"uppercase","sidebar_layout":"layout_1","sidebar_position":"left","sidebar_type":"vertical"},"type":"main-collection-product-grid"},"product-recently-viewed":{"disabled":true,"settings":{"bg_card":"#ffffff","border_color_card":"#f0f1f4","border_color_title":"#232323","border_layout_card":"full","border_radius_card":5,"border_style":"container","border_width_card":5,"color_border_bottom":"#e8e8e8","color_title":"#232323","display_product_recently_viewed":true,"enable_border_bottom":false,"enable_border_title":false,"enable_border_top":true,"enable_hover_drag_icon":true,"enable_layout_special":false,"fontsize_title":18,"fontsize_title_mb":18,"grid_gap":30,"mg_bottom_desktop":0,"mg_bottom_mobile":0,"mg_bottom_tablet":0,"mg_bottom_title":3,"mg_top_desktop":0,"mg_top_mobile":0,"mg_top_tablet":0,"mg_top_title":26,"padding_card":15,"padding_full_width":0,"product_bg":"#ffffff","product_bg_gradient":"","product_block_per_view":"4","product_recently_viewed_arrows":true,"product_recently_viewed_arrows_mb":false,"product_recently_viewed_container":"container","product_recently_viewed_dots":false,"product_recently_viewed_dots_mb":true,"product_recently_viewed_image_ratio":"adapt","product_recently_viewed_layout":"slider","product_recently_viewed_limit":10,"product_recently_viewed_per_row":"5","product_recently_viewed_show":"5","product_recently_viewed_swipe_on_mobile":true,"product_recently_viewed_title":"Recently Viewed Products","product_recently_viewed_title_align":"center","scroll_height":4,"scroll_thumb_color":"#000000","scroll_thumb_hover_color":"#444444","scroll_track_bg":"#f1f1f1","show_half":true,"style_block_header":"style1"},"type":"product-recently-viewed"}}}