{"sections":{"custom_liquid_We3QJz":{"type":"custom-liquid","disabled":true,"settings":{"custom_liquid":"<video class=\"home-video\" width=\"100%\" height=\"700\" muted=\"\" controls=\"\" allow=\"autoplay\" autoplay=\"\" loop=\"true\" style=\"\n    object-fit: cover;\">\n \n <source src=\"https:\/\/cdn.shopify.com\/videos\/c\/o\/v\/0e5e3165a7ff4ca499e18cd81b81cdc9.mp4\">\n\n<\/video>\n<script>\n    document.getElementById('vid').play();\n<\/script>"}},"banner":{"type":"main-collection-banner","blocks":{"9f9a1a80-3370-40db-9cd2-836840e2073b":{"type":"image","settings":{"show_image_parallax":false,"show_bg_overlay":false,"type":"custom","bg_overlay":"#000000"}},"9147d182-d0c6-4b47-ad9e-97ad5cd6ae5a":{"type":"description","settings":{"show_collection_description":true,"show_read_more_read_less":false,"collection_description_position":"relative","collection_description_align_tb":"center","collection_description_align":"left","maxwidth_collection_description":100,"collection_description_color":"#232323","collection_description_bg":"#ffffff","collection_description_bg_gradient":"","show_sub_collection":false,"sub_collection_layout":"grid","maxheight_sub_collection":90,"sub_collection_description_position":"relative","sub_collection_type":"all","colors_bg":"#fafafa","colors_bg_gradient":"","all_sub_collection_padding_top":10,"all_sub_collection_padding_bottom":10,"sub_collection_title":"Jump To","sub_collection_title_color":"#000000","fontsize_sub_collection":12,"fontweight_sub_collection":"500","sub_collection_text_transform":"uppercase","show_sub_collection_image":false,"sub_collection_padding_top":10,"sub_collection_padding_bottom":10,"sub_collection_grid_gap":15,"color_sub_collection":"#ffffff","sub_collection_background":"#232323","sub_collection_background_gradient":"","sub_collection_border":"#232323","sub_collection_color_hover":"#232323","sub_collection_background_hover":"#ffffff","sub_collection_background_gradient_hover":"","sub_collection_border_hover":"#232323","sub_collection_mg_top":0}}},"block_order":["9f9a1a80-3370-40db-9cd2-836840e2073b","9147d182-d0c6-4b47-ad9e-97ad5cd6ae5a"],"settings":{"show_breadcrumb":false,"breadcrumb_alignment":"left","breadcrumb_color":"#999999","breadcrumb_bg":"rgba(0,0,0,0)","breadcrumb_gradient":"","breadcrumb_color_mb":"","breadcrumb_bg_mb":"#f6f6f6","breadcrumb_gradient_mb":"","show_page_title":true,"page_title_alignment":"left","container":"default","mg_top_desktop":0,"mg_top_tablet":0,"mg_top_mobile":0,"mg_bottom_desktop":50,"mg_bottom_tablet":20,"mg_bottom_mobile":20,"layout":"1"}},"product-grid":{"type":"main-collection-product-grid","blocks":{"80b0a11c-fb01-4b89-8a29-1dbb2a1db16a":{"type":"category","settings":{"show_block":true,"heading":"Categories","type":"1_level","link_list":""}},"ce351101-2c54-4627-b740-b2c592067b4a":{"type":"filter","disabled":true,"settings":{"heading":"Color","list_tags":"White,Black,Blue,Invory,Beige,Brown,Silver,Olive,Gainsboro,DimGray,Burlywood,Lightblue,Salmon,LightPink,LightCoral"}},"6684d566-6940-4457-9cf9-f1a8a6e80573":{"type":"filter","disabled":true,"settings":{"heading":"Size","list_tags":"S,XS,M,L,XL"}},"3978fd59-b580-49e1-9893-38d762f48f10":{"type":"product_block","disabled":true,"settings":{"show_block":true,"heading":"Featured Products","product_block_collection":"belle-doll-sidebar","product_block_layout":"slider","product_block_limit":3,"product_block_dots":false,"product_block_arrows":true}},"34930b49-8499-46d3-bf41-2cbb334ca73d":{"type":"image","disabled":true,"settings":{"show_block":true,"heading":"","link":"shopify:\/\/collections\/belle-doll-featured-products"}},"2f7f02ac-4072-40ea-844f-59943e256971":{"type":"text","disabled":true,"settings":{"show_block":true,"heading":"Custom Block","text":"<p>Custom CMS block displayed at the left sidebar on the Catalog Page. Put your own content here: text, html, images, media... or whatever you like.<\/p>\n\n<p>There are many similar sample content placeholders across the store. All editable from admin panel.<\/p>"}}},"block_order":["80b0a11c-fb01-4b89-8a29-1dbb2a1db16a","ce351101-2c54-4627-b740-b2c592067b4a","6684d566-6940-4457-9cf9-f1a8a6e80573","3978fd59-b580-49e1-9893-38d762f48f10","34930b49-8499-46d3-bf41-2cbb334ca73d","2f7f02ac-4072-40ea-844f-59943e256971"],"settings":{"colors_bg":"rgba(0,0,0,0)","colors_bg_gradient":"","container":"default","mg_top_desktop":0,"mg_top_tablet":0,"mg_top_mobile":0,"mg_bottom_desktop":0,"mg_bottom_tablet":0,"mg_bottom_mobile":0,"show_sidebar":true,"show_sidebar_collapse":true,"enable_sticky":false,"sidebar_layout":"layout_1","sidebar_collapse_default":"expand","sidebar_type":"vertical","sidebar_position":"left","sidebar_heading_font":"font_1","sidebar_heading_font_size":14,"sidebar_heading_font_weight":"700","sidebar_heading_text_transform":"uppercase","show_filter":true,"filter_swatch":"Color","filter_swatch_type":"color","filter_rectangle":"Size","filter_display_type":"show-more","max_item_per_filter":10,"filter_hidden_tag_list":"","show_toolbar":true,"show_sorting":true,"show_item_per_page":true,"show_view_as":true,"products_per_page":"20","layout":"3","show_infinite_scrolling":"show_more","show_banner":false,"show_banner_1":true,"banner_position_1":"4","link_banner_1":"","show_banner_2":true,"banner_position_2":"5","link_banner_2":"","show_banner_3":true,"banner_position_3":"12","link_banner_3":""}},"b8c082c0-231d-4c06-9d13-dfb268c0669f":{"type":"image-banner","blocks":{"e814487a-5760-4ac2-8d2a-c7d52d5c0a29":{"type":"smallImg","settings":{"row_reverse":false,"small_img_block_style":"style_1","smallImg_justify":"flex-start","enable_divider":true,"divider_bg_color":"","content_spacing_right":50,"button_spacing_left":50,"button_pos_from_center":0,"content_pos_from_center":0,"divider_position_from_center":0,"small_banner_bg_color":"#f5f5f5","mg_bottom_icon":25,"sub_title":"Sample Heading Title Goes Here","letter_spacing_sub_title":"","font_size_sub_title":16,"font_size_sub_title_mb":16,"margin_bottom_sub_title":30,"sub_heading_font":"font_1","font_weight_sub_title":"500","sub_title_position":"sub_title_above","color_sub_title":"#787878","heading":"Creation Of Hidden Beauty","letter_spacing_heading":"","font_size_heading":40,"font_size_heading_mb":24,"margin_bottom_heading":20,"font_weight_heading":"700","color_heading":"#232323","text":"Nam tempus turpis at metus scelerisque placerat nulla deumantos sollicitudin felis. Pellentesque diam dolor, elementum et lobortis at, mollis duto an risus. Sedcuman des faucibus sullamcorper mattis fusce molestie elit a lorem tempus scelerisque blandit est cursus...","font_size_des":16,"font_size_des_mb":16,"line_height_des":26,"margin_bottom_des":30,"color_des":"#232323","content_width":575,"align":"left","enable_content_border":false,"content_border_color":"#232323","video_link":"","adaptive_height_video":"56","icon_style":"style_1","color_icon":"#ffffff","bg_color_icon":"#000000","btn_text":"Sample Button","link":"shopify:\/\/collections\/belle-doll-featured-products","button_1_width":235,"enable_button_custom_border":false,"button_color":"#ffffff","button_border":"#232323","button_background":"#232323","button_background_gradient":"","button_color_hover":"#ffffff","button_border_hover":"#232323","button_background_hover":"#232323","button_background_gradient_hover":"","btn_2_text":"Shop Now","link_btn_2":"","button_2_width":235,"button_2_color":"#ffffff","button_2_border":"#232323","button_2_background":"#232323","button_2_background_gradient":"","button_2_color_hover":"#ffffff","button_2_border_hover":"#232323","button_2_background_hover":"#232323","button_2_background_gradient_hover":"","button_2_spacing_top":10}}},"block_order":["e814487a-5760-4ac2-8d2a-c7d52d5c0a29"],"disabled":true,"settings":{"container":"fullwidth","padding_full_width":0,"mg_top_desktop":50,"mg_top_tablet":50,"mg_top_mobile":50,"mg_bottom_desktop":50,"mg_bottom_tablet":50,"mg_bottom_mobile":50,"image_banner_title":"","enable_border_title":false,"color_title":"#202020","fontsize_title":24,"fontsize_title_mb":20,"margin_bottom_title":25,"image_banner_des":"","color_des":"#202020","fontsize_des":16,"title_align":"center","style_bg":"none","bg_color":"","bg_color_gradient":"","display_type":"slide","list_gap":0,"enable_arrows":false,"arrows_position":"","enable_dots":false,"enable_autoplay":false}},"product-recently-viewed":{"type":"product-recently-viewed","disabled":true,"settings":{"display_product_recently_viewed":true,"product_recently_viewed_container":"container","padding_full_width":0,"enable_border_top":true,"enable_border_bottom":false,"color_border_bottom":"#e8e8e8","border_style":"container","mg_top_desktop":0,"mg_top_tablet":0,"mg_top_mobile":0,"mg_bottom_desktop":0,"mg_bottom_tablet":0,"mg_bottom_mobile":0,"product_recently_viewed_layout":"slider","product_bg":"#ffffff","product_bg_gradient":"","style_block_header":"style1","product_recently_viewed_title":"Recently Viewed Products","enable_border_title":false,"mg_top_title":26,"mg_bottom_title":3,"fontsize_title":18,"fontsize_title_mb":18,"border_color_title":"#232323","color_title":"#232323","product_recently_viewed_title_align":"center","product_recently_viewed_limit":10,"product_recently_viewed_image_ratio":"adapt","grid_gap":30,"product_recently_viewed_per_row":"5","product_recently_viewed_swipe_on_mobile":true,"product_recently_viewed_dots":false,"product_recently_viewed_dots_mb":true,"product_recently_viewed_arrows":true,"product_recently_viewed_arrows_mb":false,"product_recently_viewed_show":"5","product_block_per_view":"4","show_half":true,"scroll_height":4,"scroll_track_bg":"#f1f1f1","scroll_thumb_color":"#000000","scroll_thumb_hover_color":"#444444","enable_hover_drag_icon":true,"enable_layout_special":false,"bg_card":"#ffffff","padding_card":15,"border_radius_card":5,"border_layout_card":"full","border_width_card":5,"border_color_card":"#f0f1f4"}}},"order":["custom_liquid_We3QJz","banner","product-grid","b8c082c0-231d-4c06-9d13-dfb268c0669f","product-recently-viewed"]}