{"sections":{"main":{"type":"main-page","disabled":true,"settings":{}},"rich_text_LWjTL3":{"type":"rich-text","blocks":{"heading_4qj6CM":{"type":"heading","settings":{"heading":"WHOLESALE","heading_size":30,"heading_size_mb":30,"heading_color":"#000"}},"text_fGhhGH":{"type":"text","settings":{"text":"<p>Looking for wholesale coffee supply? Chat with us on WhatsApp to learn more about our beans, pricing, and partner benefits.<\/p>","text_size":16,"margin_top_text":20,"text_color":"#000","text_width":"800px"}},"button_nCBJAr":{"type":"button","settings":{"button_label":"Contact on Whatsapp","margin_top_button":30,"button_link":"https:\/\/wa.me\/6281907969394","button_color":"#fff","enable_underline_button":false,"button_border_color":"#000","button_bg_color":"#23c213","button_bg_gradient":"","button_color_hover":"#000","button_border_color_hover":"#000","button_bg_color_hover":"#fff","button_bg_gradient_hover":"","button_width":"270px"}}},"block_order":["heading_4qj6CM","text_fGhhGH","button_nCBJAr"],"name":"t:sections.rich-text.presets.name","settings":{"container":"container","padding_full_width":0,"enable_border_top":false,"enable_border_bottom":false,"color_border_bottom":"#e8e8e8","mg_top_desktop":50,"mg_top_tablet":50,"mg_top_mobile":50,"mg_bottom_desktop":50,"mg_bottom_tablet":50,"mg_bottom_mobile":50,"rich_text_bg":"#fff","rich_text_bg_gradient":""}}},"order":["main","rich_text_LWjTL3"]}