{"sections":{"main":{"type":"main-contact-us-1","disabled":true,"settings":{"show_breadcrumb":false,"breadcrumb_alignment":"left","breadcrumb_bg":"","breadcrumb_gradient":"","breadcrumb_bg_mb":"#f6f6f6","breadcrumb_gradient_mb":"","show_page_title":false,"page_title_alignment":"left","container":"1170","mg_top_desktop":0,"mg_top_tablet":0,"mg_top_mobile":0,"mg_bottom_desktop":0,"mg_bottom_tablet":0,"mg_bottom_mobile":0,"contact_form_text":"<span>LET'S GET IN TOUCH\n<br>\nWe are sure you do not compromise in quality, fine taste and pure goodness, and that’s why we know you will love Bali Beans Coffee. Drop us a message for our ‘BALI BEANS JOURNEY’ bookings, distribution or other inquires.\n<\/span>","show_contact_info":false,"contact_info_title":"Get In Touch!","contact_info_text":"We'd love to hear from you - please use the form to send us your message or ideas. Or simply pop in for a cup of fresh tea and a cookie:","contact_info_address":"<p style=\"line-height: 26px;margin-bottom: 9px\">\n685 Market Street<br> San Francisco, CA 94105, \n<br>United States\n<\/p>","contact_info_content_1":"<p style=\"line-height: 30px; margin-bottom: 0px;margin-top: 5px;\">\n<span class=\"icon\">\n<svg style=\"position: relative; top: 0px; width: 20px;height: 20px\" aria-hidden=\"true\" focusable=\"false\" data-prefix=\"fas\" data-icon=\"comment-alt-dots\" role=\"img\" xmlns=\"http:\/\/www.w3.org\/2000\/svg\" viewbox=\"0 0 512 512\" class=\"svg-inline--fa fa-comment-alt-dots fa-w-16 fa-7x\"><path fill=\"currentColor\" d=\"M448 0H64C28.7 0 0 28.7 0 64v288c0 35.3 28.7 64 64 64h96v84c0 9.8 11.2 15.5 19.1 9.7L304 416h144c35.3 0 64-28.7 64-64V64c0-35.3-28.7-64-64-64zM128 240c-17.7 0-32-14.3-32-32s14.3-32 32-32 32 14.3 32 32-14.3 32-32 32zm128 0c-17.7 0-32-14.3-32-32s14.3-32 32-32 32 14.3 32 32-14.3 32-32 32zm128 0c-17.7 0-32-14.3-32-32s14.3-32 32-32 32 14.3 32 32-14.3 32-32 32z\" class=\"\"><\/path><\/svg>\n<\/span>\n<span style=\"margin-left: 7px\">TEXT: <a href=\"tel:%20%20091-123-ELLA\">091-123-ELLA<\/a><\/span>\n<\/p>\n<p style=\"line-height:30px; margin-top: 0\">\n<span class=\"icon\">\n<svg style=\"width: 20px;height: 20px\" aria-hidden=\"true\" focusable=\"false\" data-prefix=\"fas\" data-icon=\"envelope\" role=\"img\" xmlns=\"http:\/\/www.w3.org\/2000\/svg\" viewbox=\"0 0 512 512\" class=\"svg-inline--fa fa-envelope fa-w-16 fa-7x\"><path fill=\"currentColor\" d=\"M502.3 190.8c3.9-3.1 9.7-.2 9.7 4.7V400c0 26.5-21.5 48-48 48H48c-26.5 0-48-21.5-48-48V195.6c0-5 5.7-7.8 9.7-4.7 22.4 17.4 52.1 39.5 154.1 113.6 21.1 15.4 56.7 47.8 92.2 47.6 35.7.3 72-32.8 92.3-47.6 102-74.1 131.6-96.3 154-113.7zM256 320c23.2.4 56.6-29.2 73.4-41.4 132.7-96.3 142.8-104.7 173.4-128.7 5.8-4.5 9.2-11.5 9.2-18.9v-19c0-26.5-21.5-48-48-48H48C21.5 64 0 85.5 0 112v19c0 7.4 3.4 14.3 9.2 18.9 30.6 23.9 40.7 32.4 173.4 128.7 16.8 12.2 50.2 41.8 73.4 41.4z\" class=\"\"><\/path><\/svg><\/span>\n<span style=\"margin-left: 7px\"><a href=\"mailto:email@domain.com\">email@domain.com<\/a><\/span>\n<\/p>","contact_info_content_2":"<p>Opening Hours:\n<br>\nMON to SAT: \n9:00AM - 10:00PM\n<br>\nSUN: 10:00AM - 6:00PM<\/p>","enable_border_top":false}},"174a2468-5d78-48ad-a0e8-a07ba4e4f0d8":{"type":"custom-liquid","settings":{"custom_liquid":"<div class=\"customcontact\">\n  <h2>LOKASI<\/h2>\n  <img src=\"https:\/\/cdn.shopify.com\/s\/files\/1\/0716\/7233\/2564\/files\/Bali_beans_logo_with_two_white_lines3.png?v=1682595252\" alt=\"\">\n  <div class=\"custommap\">\n    <div class=\"customcontactcol\">\n      <iframe src=\"https:\/\/www.google.com\/maps\/embed?pb=!1m14!1m8!1m3!1d15793.859917328436!2d115.24503400000002!3d-8.256428!3m2!1i1024!2i768!4f13.1!3m3!1m2!1s0x2dd18b70f6fecaaf%3A0xafc9f788b5810e97!2sBali%20Beans%20Plantation!5e0!3m2!1sen!2sus!4v1675952527136!5m2!1sen!2sus\" width=\"100%\" height=\"450\" style=\"border:0;\" allowfullscreen=\"\" loading=\"lazy\" referrerpolicy=\"no-referrer-when-downgrade\"><\/iframe>\n      <div class=\"row\" style=\"display: flex;flex-wrap: wrap;\">\n        <div class=\"col-md-2 imagess\" style=\"width: 10%;\">\n          <img class=\"img1\" src=\"https:\/\/cdn.shopify.com\/s\/files\/1\/0716\/7233\/2564\/files\/svgexport-7_1.svg?v=1676033266\">\n        <\/div>\n        <div class=\"col-md-8\" style=\"width: 80%;padding-left: 20px;\">\n          <ul style=\"padding-left: 0px;margin-top: 0px;\">\n            <li> BALI BEANS PLANTATION - INDONESIA <br>\n              <span>Lawak village No 1, Plaga, Badung Bali - Indonesia<\/span>\n            <\/li>\n          <\/ul>\n        <\/div>\n      <\/div>\n      <div class=\"row\" style=\"display: flex;flex-wrap: wrap;\">\n        <div class=\"col-md-2 imagess\" style=\"width: 10%;\">\n          <img class=\"img1\" src=\"https:\/\/cdn.shopify.com\/s\/files\/1\/0716\/7233\/2564\/files\/svgexport-7_3.svg?v=1677048181\">\n        <\/div>\n        <div class=\"col-md-8\" style=\"width: 80%;padding-left: 20px;\">\n          <ul style=\"padding-left: 0px;margin-top: 0px;\">\n            <a href=\"tel:+62 878 2450 5018\"> <li> TELEPON: <br>\n              <span>+62 878 2450 5018<\/span>\n            <\/li><\/a>\n          <\/ul>\n        <\/div>\n      <\/div>\n      <div class=\"row\" style=\"display: flex;flex-wrap: wrap;\">\n        <div class=\"col-md-2 imagess\" style=\"width: 10%;\">\n          <img class=\"img1\" src=\"https:\/\/cdn.shopify.com\/s\/files\/1\/0716\/7233\/2564\/files\/svgexport-7_4.svg?v=1677048181\">\n        <\/div>\n        <div class=\"col-md-8\" style=\"width: 80%;padding-left: 20px;\">\n          <ul style=\"padding-left: 0px;margin-top: 0px;\">\n            <a href=\"mailto:info@balibeans.com\"><li> EMAIL: <br>\n              <span>info@balibeans.com<\/span>\n            <\/li><\/a>\n          <\/ul>\n        <\/div>\n      <\/div>\n    <\/div>\n    <div class=\"customcontactcol\">\n      <iframe src=\"https:\/\/www.google.com\/maps\/embed?pb=!1m14!1m8!1m3!1d15776.932423771439!2d115.156446!3d-8.669368!3m2!1i1024!2i768!4f13.1!3m3!1m2!1s0x2dd247fe221bbff3%3A0x6a4c2adfc7a58144!2sBali%20Beans%20Coffee!5e0!3m2!1sen!2sus!4v1675953298574!5m2!1sen!2sus\" width=\"100%\" height=\"450\" style=\"border:0;\" allowfullscreen=\"\" loading=\"lazy\" referrerpolicy=\"no-referrer-when-downgrade\"><\/iframe>\n      <div class=\"row\" style=\"display: flex;flex-wrap: wrap;\">\n        <div class=\"col-md-2 imagess\" style=\"width: 10%;\">\n          <img class=\"img1\" src=\"https:\/\/cdn.shopify.com\/s\/files\/1\/0716\/7233\/2564\/files\/svgexport-7_1.svg?v=1676033266\">\n        <\/div>\n        <div class=\"col-md-8\" style=\"width: 80%;padding-left: 20px;\">\n          <ul style=\"padding-left: 0px;margin-top: 0px;\">\n            <li> BALI BEANS COFFEE - INDONESIA <br>\n              <span>Jln. Umalas 1, Kerobokan Kelod, Kuta Utara Badung, BALI 80361<\/span>\n            <\/li>\n          <\/ul>\n        <\/div>\n      <\/div>\n      <div class=\"row\" style=\"display: flex;flex-wrap: wrap;\">\n        <div class=\"col-md-2 imagess\" style=\"width: 10%;\">\n          <img class=\"img1\" src=\"https:\/\/cdn.shopify.com\/s\/files\/1\/0716\/7233\/2564\/files\/svgexport-7_3.svg?v=1677048181\">\n        <\/div>\n        <div class=\"col-md-8\" style=\"width: 80%;padding-left: 20px;\">\n          <ul style=\"padding-left: 0px;margin-top: 0px;\">\n           <a href=\"tel:+62 877 7727 8568\"> <li> TELEPON: <br>\n              <span>+62 877 7727 8568<\/span>\n            <\/li><\/a>\n          <\/ul>\n        <\/div>\n      <\/div>\n      <div class=\"row\" style=\"display: flex;flex-wrap: wrap;\">\n        <div class=\"col-md-2 imagess\" style=\"width: 10%;\">\n          <img class=\"img1\" src=\"https:\/\/cdn.shopify.com\/s\/files\/1\/0716\/7233\/2564\/files\/svgexport-7_4.svg?v=1677048181\">\n        <\/div>\n        <div class=\"col-md-8\" style=\"width: 80%;padding-left: 20px;\">\n          <ul style=\"padding-left: 0px;margin-top: 0px;\">\n            <a href=\"mailto:info@balibeans.com\"><li> EMAIL: <br>\n              <span>info@balibeans.com<\/span>\n            <\/li><\/a>\n          <\/ul>\n        <\/div>\n      <\/div>\n    <\/div>\n    <div class=\"customcontactcol\">\n      <iframe src=\"https:\/\/www.google.com\/maps\/embed?pb=!1m14!1m8!1m3!1d9569.040908087423!2d-2.096932!3d53.15937!3m2!1i1024!2i768!4f13.1!3m3!1m2!1s0x487a4659abf69c03%3A0x3247a6dd1aa4533a!2sThe%20Knot%20Inn!5e0!3m2!1sen!2sus!4v1675953326451!5m2!1sen!2sus\" width=\"100%\" height=\"450\" style=\"border:0;\" allowfullscreen=\"\" loading=\"lazy\" referrerpolicy=\"no-referrer-when-downgrade\"><\/iframe>\n      <div class=\"row\" style=\"display: flex;flex-wrap: wrap;\">\n        <div class=\"col-md-2 imagess\" style=\"width: 10%;\">\n          <img class=\"img1\" src=\"https:\/\/cdn.shopify.com\/s\/files\/1\/0716\/7233\/2564\/files\/svgexport-7_1.svg?v=1676033266\">\n        <\/div>\n        <div class=\"col-md-8\" style=\"width: 80%;padding-left: 20px;\">\n          <ul style=\"padding-left: 0px;margin-top: 0px;\">\n            <li> BALI BEANS LTD - UNITED KINGDOM <br>\n              <span>The Knot Inn, Station Lane, Rushton Spencer, Cheshire, SK110QU<\/span>\n            <\/li>\n          <\/ul>\n        <\/div>\n      <\/div>\n      <div class=\"row\" style=\"display: flex;flex-wrap: wrap;\">\n        <div class=\"col-md-2 imagess\" style=\"width: 10%;\">\n          <img class=\"img1\" src=\"https:\/\/cdn.shopify.com\/s\/files\/1\/0716\/7233\/2564\/files\/svgexport-7_3.svg?v=1677048181\">\n        <\/div>\n        <div class=\"col-md-8\" style=\"width: 80%;padding-left: 20px;\">\n          <ul style=\"padding-left: 0px;margin-top: 0px;\">\n            <a href=\"tel:+44 7598 133 008\"><li> TELEPON: <br>\n              <span>+44 7598 133 008<\/span>\n            <\/li><\/a>\n          <\/ul>\n        <\/div>\n      <\/div>\n      <div class=\"row\" style=\"display: flex;flex-wrap: wrap;\">\n        <div class=\"col-md-2 imagess\" style=\"width: 10%;\">\n          <img class=\"img1\" src=\"https:\/\/cdn.shopify.com\/s\/files\/1\/0716\/7233\/2564\/files\/svgexport-7_4.svg?v=1677048181\">\n        <\/div>\n        <div class=\"col-md-8\" style=\"width: 80%;padding-left: 20px;\">\n          <ul style=\"padding-left: 0px;margin-top: 0px;\">\n            <a href=\"mailto:info@balibeans.com\"><li> EMAIL: <br>\n              <span>info@balibeans.com<\/span>\n            <\/li><\/a>\n          <\/ul>\n        <\/div>\n      <\/div>\n    <\/div>\n  <\/div>\n<\/div>"}},"803c775e-796a-4401-b6ea-3e632551472f":{"type":"custom-liquid","settings":{"custom_liquid":"<div class=\"getintouchcontact\">\n        <h2>HUBUNGI KAMI<\/h2>\n        <p>Kami yakin anda tidak berkompromi dengan kualitas, rasa dan kebaikan murni. Itulah mengapa kami tahu anda akan menyukai Bali Beans. Kirimkan pesan kepada kami untuk 'BALI BEANS JOURNEY', pemesanan, distribusi, atau pertanyaan lain.<\/p>\n    <\/div>"}},"1675954869da939046":{"type":"apps","blocks":{"8ce013d5-f148-4c7e-a50e-a84f5fe5fe82":{"type":"shopify:\/\/apps\/powerful-contact-form-builder\/blocks\/app-block\/e4bcb1eb-35b2-42e6-bc37-bfe0e1542c9d","settings":{"shortcode":"<div class=\"globo-formbuilder\" data-id=\"MTA1MTc0\"><\/div>"}}},"block_order":["8ce013d5-f148-4c7e-a50e-a84f5fe5fe82"],"settings":{"include_margins":false}}},"order":["main","174a2468-5d78-48ad-a0e8-a07ba4e4f0d8","803c775e-796a-4401-b6ea-3e632551472f","1675954869da939046"]}