{"sections":{"eb68587b-00a7-48d0-8c7f-6afede8f671f":{"type":"custom-liquid","settings":{"custom_liquid":"<video class=\"home-video\" width=\"100%\" height=\"700\" muted=\"\" controls=\"\" allow=\"autoplay\" autoplay=\"\" loop=\"true\" style=\"\n    object-fit: cover;\">\n <source src=\"https:\/\/cdn.shopify.com\/videos\/c\/o\/v\/0e5e3165a7ff4ca499e18cd81b81cdc9.mp4\">\n<\/video>\n<script>    document.getElementById('vid').play();\n<\/script>"}},"custom_liquid_GXdMdi":{"type":"custom-liquid","name":"t:sections.custom-liquid.presets.name","settings":{"custom_liquid":"<!-- ====== Coffee Process Section (Left Image + Right Accordion) ====== -->\n<section class=\"proc-wrap\">\n  <div class=\"proc-grid\">\n    <!-- Left: Image -->\n    <figure class=\"proc-media\">\n      <img src=\"https:\/\/cdn.shopify.com\/s\/files\/1\/0716\/7233\/2564\/files\/coffee.jpg?v=1675761230\" alt=\"Coffee processing image\">\n    <\/figure>\n\n    <!-- Right: Content -->\n    <div class=\"proc-content\">\n      <h2 class=\"proc-title\">METODE PENGOLAHAN KAMI<\/h2>\n\n      <p class=\"proc-intro\">\n        Ada 3 cara utama kopi diproses secara tradisional: Dicuci (Full Washed),\n        Alami (Natural), dan Madu (Honey). Kami menangani semua jenis pemrosesan\n        utama ini di fasilitas kami. Pada dasarnya, profil rasa kopi dapat sangat\n        bervariasi tergantung pada jenis pemrosesan yang dialaminya.\n      <\/p>\n\n      <!-- Accordion -->\n      <div class=\"proc-accordion\">\n        <details class=\"proc-item\" open>\n          <summary>\n            <span>FULL WASHED<\/span>\n            <span class=\"mark\">+<\/span>\n          <\/summary>\n          <div class=\"panel\">\n            <p>\n              Proses dicuci menonjolkan karakter asli biji: cangkir bersih,\n              manis seperti gula aren, dan finish jeruk yang renyah.\n            <\/p>\n          <\/div>\n        <\/details>\n\n        <details class=\"proc-item\">\n          <summary>\n            <span>HONEY<\/span>\n            <span class=\"mark\">+<\/span>\n          <\/summary>\n          <div class=\"panel\">\n            <p>\n              Kulit dikupas namun mucilage dibiarkan saat pengeringan sehingga\n              memberi kompleksitas: cokelat, karamel, kacang panggang, dengan\n              body lembut dan aftertaste manis.\n            <\/p>\n          <\/div>\n        <\/details>\n\n        <details class=\"proc-item\">\n          <summary>\n            <span>NATURAL<\/span>\n            <span class=\"mark\">+<\/span>\n          <\/summary>\n          <div class=\"panel\">\n            <p>\n              Ceri dikeringkan utuh di bawah matahari. Rasa fruity manis,\n              acidity sedang, dan aftertaste segar.\n            <\/p>\n          <\/div>\n        <\/details>\n      <\/div>\n    <\/div>\n  <\/div>\n<\/section>\n\n<style>\n  :root{\n    --accent:#ff7500;  \/* orange *\/\n    --black:#111;\n    --line:#e5e7eb;\n  }\n\n  .proc-wrap{max-width:1100px;margin:0 auto;padding:32px 16px;font-family:Helvetica,Arial,sans-serif;color:var(--black)}\n  .proc-grid{display:grid;grid-template-columns: 48% 1fr;gap:28px;align-items:start}\n\n  \/* Left image *\/\n  .proc-media{margin:0}\n  .proc-media img{display:block;width:100%;height:auto;border-radius:8px;object-fit:cover}\n\n  \/* Right content *\/\n  .proc-title{\n    margin:0 0 10px;\n    font-family:\"Oswald\",sans-serif;\n    font-weight:600;\n    text-transform:uppercase;\n    letter-spacing:.02em;\n    color:var(--accent);\n    font-size:28px;\n    line-height:1.1;\n  }\n  .proc-intro{margin:0 0 16px;font-size:16px;line-height:26px;color:var(--black)}\n\n  \/* Accordion *\/\n  .proc-accordion{display:grid;gap:10px}\n  .proc-item{\n    border:1px solid var(--line);\n    border-radius:8px;\n    overflow:hidden;\n    background:#fff;\n  }\n  .proc-item summary{\n    list-style:none;\n    cursor:pointer;\n    display:flex;\n    justify-content:space-between;\n    align-items:center;\n    padding:12px 14px;\n    background:var(--accent);\n    color:var(--black);\n    font-weight:700;\n    font-size:14px;\n    letter-spacing:.02em;\n  }\n  .proc-item summary::-webkit-details-marker{display:none}\n  .proc-item .mark{font-size:18px;transition:transform .2s ease}\n  .proc-item[open] .mark{transform:rotate(45deg)} \/* + → × *\/\n\n  .panel{\n    background:#fff;\n    padding:14px 16px;\n    color:var(--black);\n    font-size:15px;\n    line-height:26px;\n  }\n\n  \/* Responsive *\/\n  @media (max-width: 980px){\n    .proc-grid{grid-template-columns:1fr;gap:16px}\n    .proc-title{font-size:24px}\n  }\n<\/style>\n\n<script>\n  \/\/ Update + icon on toggle\n  document.querySelectorAll('.proc-item').forEach(d=>{\n    d.addEventListener('toggle', ()=>{\n      const mark = d.querySelector('.mark');\n      if(mark){ mark.style.transform = d.open ? 'rotate(45deg)' : 'rotate(0)'; }\n    });\n  });\n<\/script>"}},"custom_liquid_X74zDa":{"type":"custom-liquid","custom_css":["\/* Stop horizontal stretching *\/.gb-row {justify-items: start; }","\/* Make the ORDER NOW button compact *\/.gb-content .gb-btn{display: inline-flex !important; align-items: center; justify-content: center; width: auto !important; \/* no 100% width *\/ max-width: max-content; \/* shrink to text *\/ white-space: nowrap; \/* keep on one line *\/ padding: 8px 18px; \/* button size *\/ font-size: 14px; \/* button text size *\/ border-radius: 9999px; \/* pill look *\/ line-height: 1;}"],"name":"t:sections.custom-liquid.presets.name","settings":{"custom_liquid":"<section class=\"gb-wrap\">\n  <h1 class=\"gb-head\">GREEN BEANS<\/h1>\n\n  <!-- ROW 1: NATURAL -->\n  <div class=\"gb-row\">\n    <img class=\"gb-img\" src=\"https:\/\/cdn.shopify.com\/s\/files\/1\/0716\/7233\/2564\/files\/NATURAL_BEANS.png?v=1756360382text=Natural\" alt=\"Natural\">\n    <div class=\"gb-content\">\n      <h3 class=\"gb-title\">NATURAL<\/h3>\n      <p class=\"gb-text\">\n        Imagine the aroma of ripe coffee cherries hanging on the vine, soaking in the sun. \n        The Natural process is the most eco-friendly and traditional method, where the entire \n        cherry is left intact and dried naturally under the sun. This results in the coffee \n        beans absorbing the sweet, fruity flavors from the surrounding cherry.\n        <br><br><strong>Tasting Notes:<\/strong> Sapodilla, jackfruit, and tangerine — vibrant fruity sweetness with medium acidity.\n      <\/p>\n      <a class=\"gb-btn\" href=\"https:\/\/wa.me\/6287777278568?text=Natural%20Green%20Beans\" target=\"_blank\">ORDER NOW!<\/a>\n    <\/div>\n  <\/div>\n\n  <!-- ROW 2: BLACK HONEY -->\n  <div class=\"gb-row\">\n    <img class=\"gb-img\" src=\"https:\/\/cdn.shopify.com\/s\/files\/1\/0716\/7233\/2564\/files\/BLACK_HONEY_BEANS.png?v=1756360383text=Black+Honey\" alt=\"Black Honey\">\n    <div class=\"gb-content\">\n      <h3 class=\"gb-title\">BLACK HONEY<\/h3>\n      <p class=\"gb-text\">\n        The Black Honey process balances sweetness and complexity. After harvesting, the cherries are de-skinned, but the sticky, sweet mucilage is left on the beans while drying, allowing a fuller, more complex flavor to develop.\n        <br><br><strong>Tasting Notes:<\/strong> Dark chocolate, roasted nuts, citrus lift, caramel sweetness, and a gentle tangerine tang.\n      <\/p>\n      <a class=\"gb-btn\" href=\"https:\/\/wa.me\/6287777278568?text=Black%20Honey%20Green%20Beans\" target=\"_blank\">ORDER NOW!<\/a>\n    <\/div>\n  <\/div>\n\n  <!-- ROW 3: FULL-WASHED -->\n  <div class=\"gb-row\">\n    <img class=\"gb-img\" src=\"https:\/\/cdn.shopify.com\/s\/files\/1\/0716\/7233\/2564\/files\/FULL_WASHED_BEANS.png?v=1756360383text=Full+Washed\" alt=\"Full Washed\">\n    <div class=\"gb-content\">\n      <h3 class=\"gb-title\">FULL-WASHED<\/h3>\n      <p class=\"gb-text\">\n        The Full-Washed method is about purity and clarity. The cherry’s outer skin is completely removed, leaving clean, nutrient-dense beans to dry so the true character of the coffee shines through.\n        <br><br><strong>Tasting Notes:<\/strong> Very clean cup, smooth texture, palm sugar sweetness, crisp citrus, balanced medium acidity.\n      <\/p>\n      <a class=\"gb-btn\" href=\"https:\/\/wa.me\/6287777278568?text=Full-Washed%20Green%20Beans\" target=\"_blank\">ORDER NOW!<\/a>\n    <\/div>\n  <\/div>\n<\/section>\n\n<style>\n  :root{ --orange:#ff7500; --black:#111; }\n\n  .gb-wrap{max-width:1100px;margin:0 auto;padding:28px 16px;font-family:Helvetica,Arial,sans-serif;color:var(--black)}\n  .gb-head{margin:0 0 24px;font-family:\"Oswald\",sans-serif;font-size:44px;text-transform:uppercase}\n\n  .gb-row{\n    display:grid; grid-template-columns:auto 1fr; gap:24px; margin-bottom:28px; align-items:start;\n  }\n\n  \/* Image adapts to its natural size *\/\n  .gb-img{\n    max-width:260px; height:auto; object-fit:cover;\n    border-radius:12px; background:#eee;\n  }\n\n  .gb-content{display:flex; flex-direction:column; gap:12px}\n  .gb-title{margin:0;font-family:\"Oswald\",sans-serif;font-size:24px}\n  .gb-text{margin:0;font-size:16px;line-height:26px;text-align:justify}\n\n  .gb-btn{\n    margin-top:12px;\n    display:inline-block; padding:12px 28px; border-radius:999px;\n    background:var(--orange); color:#fff; text-decoration:none;\n    font-family:\"Oswald\",sans-serif; font-weight:800; letter-spacing:.4px; text-transform:uppercase;\n    transition:transform .15s ease, filter .15s ease;\n  }\n  .gb-btn:hover{transform:translateY(-1px); filter:brightness(.95)}\n\n  @media (max-width: 768px){\n    .gb-head{font-size:32px}\n    .gb-row{grid-template-columns:1fr; text-align:center}\n    .gb-img{margin:0 auto; max-width:100%}\n    .gb-btn{align-self:center}\n  }\n<\/style>"}},"custom_liquid_ptc66Q":{"type":"custom-liquid","disabled":true,"name":"t:sections.custom-liquid.presets.name","settings":{"custom_liquid":"<section class=\"gb-wrap\">\n  <h1 class=\"gb-head\">GREEN BEANS<\/h1>\n\n  <!-- ROW 1: NATURAL -->\n  <div class=\"gb-row\">\n    <img class=\"gb-img\" src=\"https:\/\/cdn.shopify.com\/s\/files\/1\/0716\/7233\/2564\/files\/NATURAL_BEANS.png?v=1756360382\" alt=\"Natural\">\n    <div class=\"gb-content\">\n      <h3 class=\"gb-title\">NATURAL<\/h3>\n      <p class=\"gb-text\">\n        Imagine the aroma of ripe coffee cherries hanging on the vine, soaking in the sun. The Natural process is the most eco-friendly and traditional method, where the entire cherry is left intact and dried naturally under the sun. This results in the coffee beans absorbing the sweet, fruity flavors from the surrounding cherry. The process is simple but requires the perfect climate — dry, sunny days — to ensure the cherries dry evenly.\n        <br><br><strong>Tasting Notes:<\/strong> Sapodilla, jackfruit, and tangerine — vibrant fruity sweetness with medium acidity.\n      <\/p>\n      <a class=\"gb-btn\" href=\"https:\/\/wa.me\/6287777278568?text=Natural%20Green%20Beans\" target=\"_blank\" rel=\"noopener\">ORDER NOW!<\/a>\n    <\/div>\n  <\/div>\n\n  <!-- ROW 2: BLACK HONEY -->\n  <div class=\"gb-row\">\n    <img class=\"gb-img\" src=\"https:\/\/cdn.shopify.com\/s\/files\/1\/0716\/7233\/2564\/files\/BLACK_HONEY_BEANS.png?v=1756360383text=Black+Honey\" alt=\"Black Honey\">\n    <div class=\"gb-content\">\n      <h3 class=\"gb-title\">BLACK HONEY<\/h3>\n      <p class=\"gb-text\">\n        The Black Honey process balances sweetness and complexity. After harvesting, the cherries are de-skinned, but the sticky, sweet mucilage is left on the beans while drying, allowing a fuller, more complex flavor to develop.\n        <br><br><strong>Tasting Notes:<\/strong> Dark chocolate, roasted nuts, citrus lift, caramel sweetness, and a gentle tangerine tang.\n      <\/p>\n      <a class=\"gb-btn\" href=\"https:\/\/wa.me\/6287777278568?text=Black%20Honey%20Green%20Beans\" target=\"_blank\" rel=\"noopener\">ORDER NOW!<\/a>\n    <\/div>\n  <\/div>\n\n  <!-- ROW 3: FULL-WASHED -->\n  <div class=\"gb-row\">\n    <img class=\"gb-img\" src=\"https:\/\/cdn.shopify.com\/s\/files\/1\/0716\/7233\/2564\/files\/FULL_WASHED_BEANS.png?v=1756360383text=Full+Washed\" alt=\"Full Washed\">\n    <div class=\"gb-content\">\n      <h3 class=\"gb-title\">FULL-WASHED<\/h3>\n      <p class=\"gb-text\">\n        The Full-Washed method is about purity and clarity. The cherry’s outer skin is completely removed, leaving clean, nutrient-dense beans to dry so the true character of the coffee shines through.\n        <br><br><strong>Tasting Notes:<\/strong> Very clean cup, smooth texture, palm sugar sweetness, crisp citrus, balanced medium acidity.\n      <\/p>\n      <a class=\"gb-btn\" href=\"https:\/\/wa.me\/6287777278568?text=Full-Washed%20Green%20Beans\" target=\"_blank\" rel=\"noopener\">ORDER NOW!<\/a>\n    <\/div>\n  <\/div>\n<\/section>\n\n<style>\n  :root{ --orange:#ff7500; --black:#111; }\n\n  .gb-wrap{max-width:1200px;margin:0 auto;padding:28px 16px;font-family:Helvetica,Arial,sans-serif;color:var(--black)}\n  .gb-head{margin:0 0 24px;font-family:\"Oswald\",sans-serif;font-size:44px;text-transform:uppercase}\n\n  \/* each row = 2 columns; items stretch to equal height *\/\n  .gb-row{\n    display:grid; grid-template-columns: 1fr 1fr; gap:24px; align-items:stretch; margin-bottom:28px;\n  }\n\n  \/* left image: square 200x200 look *\/\n  .gb-img{\n    width:100%; aspect-ratio:1\/1; object-fit:cover; border-radius:12px; background:#eee; display:block;\n  }\n\n  \/* right content matches image height *\/\n  .gb-content{\n    height:100%; display:flex; flex-direction:column; gap:12px;\n    padding:12px 4px; \/* light breathing room without a box background *\/\n  }\n\n  .gb-title{margin:0;font-family:\"Oswald\",sans-serif;font-size:24px;letter-spacing:.02em}\n  .gb-text{margin:0;font-size:16px;line-height:26px;text-align:justify}\n\n  .gb-btn{\n    margin-top:auto; \/* stick button to the bottom so heights line up *\/\n    align-self:flex-start;\n    display:inline-block; padding:12px 28px; border-radius:999px;\n    background:var(--orange); color:#fff; text-decoration:none;\n    font-family:\"Oswald\",sans-serif; font-weight:800; letter-spacing:.4px; text-transform:uppercase;\n    box-shadow:inset 0 -2px 0 rgba(0,0,0,.18); transition:transform .15s ease, filter .15s ease;\n  }\n  .gb-btn:hover{transform:translateY(-1px); filter:brightness(.95)}\n\n  \/* mobile: stack image over content per row *\/\n  @media (max-width: 980px){\n    .gb-head{font-size:36px}\n    .gb-row{grid-template-columns:1fr}\n    .gb-content{padding:0}\n    .gb-btn{align-self:center}\n  }\n<\/style>"}},"5dfdc076-90a5-469e-93f5-4cb42c9fcfea":{"type":"custom-liquid","disabled":true,"settings":{"custom_liquid":"<style>\n  .familytextheading h5{\n    color: #ff7500;\n    margin: 0px 0px 0px 0px;\n    font-family: \"Oswald\", Sans-serif;\n    font-size: 40px;\n    font-weight: 400;\n    text-transform: uppercase;\n    line-height: 1em;\nletter-spacing:0px\n  }\n  .familyrow .paragraph{\n    color: #000000;\n    font-family: \"Helvetica\", Sans-serif;\n    font-size: 18px;\n    font-weight: 400;\n    line-height: 32px;\n    margin: 20px 0px 0px 0px;\n  }\n.accordion {\n  background-color: #eee;\n  color: #31AFD7;\n  cursor: pointer;\n  padding: 18px;\n  margin: 0;\n  font-family: \"Oswald\", Sans-serif;\n  font-size: 22px;\n  font-weight: 400;\n}\n\n\n.active, .accordion:hover{\n\n  background-color: #31AFD7;\ncolor: #fff;\n}\n.actice, .accordion:hover{\n  background-color: #ff7500;\n  color: white;\n}\n\n\n.accordion::after {\n  content: '\\002B';\n  color: #31AFD7;\n  font-weight: bold;\n  float: right;\n}\n\n\n.active::after {\n  content: \"\\2212\";\n  color: #ff7500;\n}\n.accordion-panel {\n  color: #333;\n  font-family: \"Helvetica\", Sans-serif;\n  font-size: 17px;\n  font-weight: 400;\n  line-height: 27px;\n  padding: 0 18px;\n  overflow: hidden;\n  max-height: 0;\n  transition: max-height 0.2s ease-out;\n}\n          <\/style>\n  <div class=\"familyrow\">\n        <div class=\"shopfamilybg\">\n          \n\n        <\/div>\n  <div class=\"col_06 rightcol\">\n        <div class=\"familytextheading\">\n          <h5>METODE PENGOLAHAN KAMI<\/h5>\n        <\/div>\n        <div class=\"paragraph\">\n        <p>Ada 3 cara utama kopi diproses secara tradisional: Dicuci (Full Washed), Alami (Natural) dan Madu (honey). Kami menangani semua jenis pemrosesan utama ini di fasilitas kami. Pada dasarnya, profil rasa kopi dapat sangat bervariasi tergantung pada jenis pemrosesan yang dialaminya.<\/p>\n        <\/div>\n                  <div>\n            <h2 class=\"accordion\">FULL WASHED<\/h2>\n            <div class=\"accordion-panel\">\n              <p>Kopi yang dicuci adalah tentang biji karena sebagian besar bergantung pada seberapa banyak gula alami dan nutrisi yang telah diserapnya selama siklus pertumbuhan. Proses washed menonjolkan karakter sebenarnya dari single origin beans seperti milik kami, dan itulah mengapa begitu banyak kopi spesial yang diproses dengan cara ini.<\/p>\n            <\/div>\n          \n            <h2 class=\"accordion\">HONEY<\/h2>\n            <div class=\"accordion-panel\">\n              <p>Ya, Anda sudah menebaknya, ini seperti seseorang menambahkan sesendok madu segar dan cokelat karamel ke secangkir teh pagi Anda, tanpa kalori. Meskipun nama olahan madu sebenarnya berasal dari betapa lengketnya kacang selama pemrosesan dan bukan dari rasanya yang manis dan kaya. Kulit ceri kopi dihilangkan, tetapi bagian dalam yang berdaging, atau lendir, tertinggal di biji saat mengering, yang berarti sering dibiarkan membulat dalam rasa manis dengan rasa yang kompleks di mulut.<\/p>\n            <\/div>\n          \n            <h2 class=\"accordion\">NATURAL<\/h2>\n            <div class=\"accordion-panel\">\n              <p>Proses alami atau kering dapat dianggap sebagai cara pemrosesan kopi yang paling ramah lingkungan. Pada dasarnya buah dibiarkan di biji, dan tetap seperti itu sampai kopi mengering. Meskipun kopi proses kering membutuhkan investasi yang sangat sedikit, mereka memerlukan kondisi iklim tertentu, sehingga buah dan biji kering pada waktunya. Di Bali Beans, kami yakin proses ini menghasilkan kopi yang paling beraroma, dengan catatan rasa dan karakteristik yang menarik.<\/p>\n            <\/div>\n\n          <\/div>"}},"custom_liquid_bwTbVd":{"type":"custom-liquid","disabled":true,"name":"t:sections.custom-liquid.presets.name","settings":{"custom_liquid":"<style>\n  \/* ====== Layout & Typography ====== *\/\n  .methods-wrap{max-width:1100px;margin:0 auto;padding:32px 16px;font-family:Helvetica,Arial,sans-serif}\n  .methods-intro h5{\n    color:#ff7500;margin:0 0 8px;font-family:\"Oswald\",sans-serif;font-weight:500;\n    text-transform:uppercase;font-size:36px;line-height:1\n  }\n  .methods-intro p{color:#111;font-size:18px;line-height:30px;margin:0 0 28px}\n\n  .method-card{\n    display:grid;grid-template-columns:360px 1fr;gap:28px;align-items:start;\n    padding:18px 0;border-bottom:1px solid #eee\n  }\n  .method-media img{display:block;width:100%;height:auto;border-radius:10px;background:#e9e9e9}\n\n  .method-title{margin:0 0 12px;font-family:\"Oswald\",sans-serif;font-size:24px;letter-spacing:.02em}\n  \/* Paragraph like the screenshot: readable block, justified *\/\n  .method-copy{\n    color:#333;font-size:17px;line-height:28px;text-align:justify;\n    background:#fafafa;border:1px solid #ececec;border-radius:10px;\n    padding:14px 16px;margin-bottom:12px\n  }\n\n  \/* Button under paragraph, in the right column *\/\n  .order-row{display:flex;gap:10px;align-items:center}\n  .order-btn{\n    display:inline-block;background:#ff7500;color:#fff;font-weight:700;\n    font-family:\"Oswald\",sans-serif;text-transform:uppercase;\n    padding:12px 24px;border-radius:50px;text-decoration:none;transition:all .2s ease\n  }\n  .order-btn:hover{background:#31AFD7;color:#fff;transform:translateY(-1px)}\n  .mini-note{font-size:13px;color:#666}\n\n  \/* Responsive (mobile) *\/\n  @media (max-width:900px){\n    .method-card{grid-template-columns:1fr;gap:14px}\n    .order-row{flex-wrap:wrap}\n  }\n  <div class=\"wrapper row\" id=\"wrapper\">\n  <div class=\"col-md-12 headerarea text-center\">\n    <h3 class=\"messageheading1\"> BALI BEANS<\/h3>\n    <h1 class=\"titlofmessage\">KEDAI KOPI<\/h1>\n    <h4 class=\"messagefrom\">Di bawah ini adalah harga eceran biji kopi sangrai kami yang<br>\ntersedia di seluruh dunia<\/h4>\n  <\/div>\n<\/div>\n<\/style>\n\n<div class=\"methods-wrap\">\n  <!-- Heading + Intro -->\n  <div class=\"methods-intro\">\n    <h5>Metode Pengolahan Kami<\/h5>\n    <p>Ada 3 cara utama kopi diproses secara tradisional: Dicuci (Full Washed), Alami (Natural), dan Madu (Honey). Profil rasa kopi bisa sangat bervariasi tergantung jenis pemrosesan.<\/p>\n  <\/div>\n\n  <!-- CARD 1 -->\n  <article class=\"method-card\">\n    <div class=\"method-media\">\n      <a href=\"\/products\/natural-handle\">\n        <img src=\"https:\/\/cdn.shopify.com\/s\/files\/1\/0716\/7233\/2564\/files\/NATURAL_BEANS.png?v=1756360382\" alt=\"Natural Coffee\">\n      <\/a>\n    <\/div>\n    <div>\n      <h3 class=\"method-title\">Natural Beans<\/h3>\n      <div class=\"method-copy\">\n       Imagine the aroma of ripe coffee cherries hanging on the vine, soaking in the sun. The Natural process is the most eco-friendly and traditional method, where the entire cherry is left intact and dried naturally under the sun. This results in the coffee beans absorbing the sweet, fruity flavors from the surrounding cherry. The process is simple but requires the perfect climate — dry, sunny days — to ensure the cherries dry evenly.\nTasting Notes:\nPicture the rich, tropical flavors of Sapodilla (a sweet, custard-like fruit), jackfruit, and the bright zing of tangerine. The flavor profile is full of vibrant fruity sweetness with medium acidity, giving your palate a refreshing experience.\n      <\/div>\n      <div class=\"order-row\">\n        <a class=\"order-btn\" href=\"https:\/\/wa.me\/6287777278568\" target=\"_blank\" rel=\"noopener\">Order Now<\/a>\n        <span class=\"mini-note\">Siap kirim &amp; harga khusus grosir.<\/span>\n      <\/div>\n    <\/div>\n  <\/article>\n\n  <!-- CARD 2 -->\n  <article class=\"method-card\">\n    <div class=\"method-media\">\n      <a href=\"\/products\/black-honey-handle\">\n        <img src=\"https:\/\/cdn.shopify.com\/s\/files\/1\/0716\/7233\/2564\/files\/BLACK_HONEY_BEANS.png?v=1756360383\" alt=\"Black Honey Coffee\">\n      <\/a>\n    <\/div>\n    <div>\n      <h3 class=\"method-title\">Black Honey<\/h3>\n      <div class=\"method-copy\">\n        The Black Honey process is a perfect balance between sweetness and complexity. After harvesting, the cherries are de-skinned, but the mucilage (the sticky, sweet part of the cherry) is left on the beans as they dry. The name “Honey” doesn’t refer to sweetness but to the sticky texture of the beans during drying, which allows for a fuller, more complex flavor.\nTasting Notes:\n The beans bring forward a rich dark chocolate flavor, with layers of roasted nuts and a surprising burst of citrus. The lingering sweetness of caramel and a gentle tang of tangerine create a wonderfully smooth and complex cup.\n      <\/div>\n      <div class=\"order-row\">\n        <a class=\"order-btn\" href=\"https:\/\/wa.me\/6287777278568\" target=\"_blank\" rel=\"noopener\">Order Now<\/a>\n        <span class=\"mini-note\">Fresh roast tersedia.<\/span>\n      <\/div>\n    <\/div>\n  <\/article>\n\n  <!-- CARD 3 -->\n  <article class=\"method-card\">\n    <div class=\"method-media\">\n      <a href=\"\/products\/full-washed-handle\">\n        <img src=\"https:\/\/cdn.shopify.com\/s\/files\/1\/0716\/7233\/2564\/files\/FULL_WASHED_BEANS.png?v=1756360383\" alt=\"Full Washed Coffee\">\n      <\/a>\n    <\/div>\n    <div>\n      <h3 class=\"method-title\">Full Washed<\/h3>\n      <div class=\"method-copy\">\n        The Full-Washed method is all about purity and clarity. The cherry’s outer skin is completely removed, leaving only the clean, nutrient-dense beans to dry. This process allows the true character of the coffee to shine through, showcasing the inherent flavors absorbed during the growing cycle. It’s a method that highlights the excellence of the beans themselves.\nTasting Notes:\n Expect a cup that’s incredibly clean, with a smooth texture and a burst of palm sugar sweetness. The finish is crisp, with a tangy citrus note that dances on the tongue, and a medium acidity that balances the flavors beautifully.\n      <\/div>\n      <div class=\"order-row\">\n        <a class=\"order-btn\" href=\"https:\/\/wa.me\/6287777278568\" target=\"_blank\" rel=\"noopener\">Order Now<\/a>\n        <span class=\"mini-note\">Profil rasa konsisten.<\/span>\n      <\/div>\n    <\/div>\n  <\/article>\n\n  <!-- CARD 4 -->\n  <article class=\"method-card\">\n    <div class=\"method-media\">\n      <a href=\"\/products\/green-beans-handle\">\n        <img src=\"https:\/\/cdn.shopify.com\/s\/files\/1\/0716\/7233\/2564\/files\/greans-beans-washed.jpg?v=1675940200\" alt=\"Green Beans Coffee\">\n      <\/a>\n    <\/div>\n    <div>\n      <h3 class=\"method-title\">Green Beans (Greans Process)<\/h3>\n      <div class=\"method-copy\">\n        Prefer roasting your own coffee? We have a wide variety of raw coffee beans (Green Beans) that you can purchase directly from our farmers – using a 'Direct Trade' process without intermediaries. We are coffee farmers who are taking steps to export our own products and want to control the entire distribution chain from the coffee farm to your doorstep (without intermediaries). Please contact us if you have any questions about bulk purchases so we can provide a quote including shipping costs.\n      <\/div>\n      <div class=\"order-row\">\n        <a class=\"order-btn\" href=\"https:\/\/wa.me\/6287777278568\" target=\"_blank\" rel=\"noopener\">Order Now<\/a>\n        <span class=\"mini-note\">Katalog varietas lengkap tersedia.<\/span>\n      <\/div>\n    <\/div>\n  <\/article>\n<\/div>"}},"custom_liquid_MY88R8":{"type":"custom-liquid","disabled":true,"name":"t:sections.custom-liquid.presets.name","settings":{"custom_liquid":"<style>\n.accordion {\n  background-color: #eee;\n  color: #31AFD7;\n  cursor: pointer;\n  padding: 18px;\n  margin: 0;\n  font-family: \"Oswald\", Sans-serif;\n  font-size: 22px;\n  font-weight: 400;\n}\n\n\n.active, .accordion:hover{\n\n  background-color: #31AFD7;\ncolor: #fff;\n}\n.actice, .accordion:hover{\n  background-color: #ff7500;\n  color: white;\n}\n\n\n.accordion::after {\n  content: '\\002B';\n  color: #31AFD7;\n  font-weight: bold;\n  float: right;\n}\n\n\n.active::after {\n  content: \"\\2212\";\n  color: #ff7500;\n}\n\n\n.accordion-panel {\n  color: #333;\n  font-family: \"Helvetica\", Sans-serif;\n  font-size: 17px;\n  font-weight: 400;\n  line-height: 27px;\n  padding: 0 18px;\n  overflow: hidden;\n  max-height: 0;\n  transition: max-height 0.2s ease-out;\n}\n<\/style>\n<div class=\"shoptextrows\">\n<div class=\"container\">\n<div class=\"row\">\n\n<div class=\"col-md-4 leftimgcol\">\n<\/div>\n<div class=\"col-md-8 contentcol\">\n<h1 class=\"mainheading\">\nGREEN BEANS\n<\/h1>\n<p class=\"contentt\">\nLebih suka roasting kopi anda sendiri? Kami memiliki berbagai jenis biji kopi mentah (Green Beans) yang dapat anda beli langsung dari petani kami – dengan proses ‘Perdagangan Langsung’ tanpa perantara.\nKami adalah petani kopi yang mengambil langkah untuk mengekspor produk sendiri dan ingin mengendalikan seluruh rantai distribusi dari kebun kopi ke depan pintu rumah anda (tanpa perantara). Silahkan menghubungi kami jika anda memiliki pertanyaan untuk pembelian jumlah besar agar kami dapat memberikan penawaran termasuk biaya pengiriman.\n<\/p>\n<h2 class=\"accordion\">DICUCI – SINGLE ORIGIN – KINTAMANI<\/h2>\n<div class=\"accordion-panel\">\n  <p>Kopi yang dicuci adalah tentang biji karena sebagian besar bergantung pada seberapa banyak gula alami dan nutrisi yang telah diserapnya selama siklus pertumbuhan. Proses washed menonjolkan karakter sebenarnya dari single origin beans seperti milik kami, dan itulah mengapa begitu banyak kopi spesial yang diproses dengan cara ini.<\/p>\n<\/div>\n\n<h2 class=\"accordion\">ALAMI \/ PROSES KERING – SINGLE ORIGIN – KINTAMANI<\/h2>\n<div class=\"accordion-panel\">\n  <p>Proses alami atau kering dapat dianggap sebagai cara pemrosesan kopi yang paling ramah lingkungan. Pada dasarnya buah dibiarkan di biji, dan tetap seperti itu sampai kopi mengering. Meskipun kopi proses kering membutuhkan investasi yang sangat sedikit, mereka memerlukan kondisi iklim tertentu, sehingga buah dan biji kering pada waktunya. Di Bali Beans, kami yakin proses ini menghasilkan kopi yang paling beraroma, dengan catatan rasa dan karakteristik yang menarik.<\/p>\n<\/div>\n\n<h2 class=\"accordion\">MADU HITAM – SINGLE ORIGIN- KINTAMANI<\/h2>\n<div class=\"accordion-panel\">\n  <p>Ya, Anda sudah menebaknya, ini seperti seseorang menambahkan sesendok madu segar dan cokelat karamel ke secangkir teh pagi Anda, tanpa kalori. Meskipun nama olahan madu sebenarnya berasal dari betapa lengketnya kacang selama pemrosesan dan bukan dari rasanya yang manis dan kaya. Kulit ceri kopi dihilangkan, tetapi bagian dalam yang berdaging, atau lendir, tertinggal di biji saat mengering, yang berarti sering dibiarkan membulat dalam rasa manis dengan rasa yang kompleks di mulut.<\/p>\n\n<\/div>\n<button><a href=\"https:\/\/newbali.myshopify.com\/products\/green-beans\">TANYAKAN SEKARANG<\/a><\/button>\n<\/div>\n\n<\/div>\n<\/div>\n<\/div>"}},"main":{"type":"main-page","disabled":true,"settings":{}},"7956eb44-57a8-4873-b0e4-9303e112bec0":{"type":"custom-liquid","disabled":true,"settings":{"custom_liquid":"<div class=\"wrapper row\" id=\"wrapper\">\n  <div class=\"col-md-12 headerarea text-center\">\n    <h3 class=\"messageheading1\"> BALI BEANS<\/h3>\n    <h1 class=\"titlofmessage\">KEDAI KOPI<\/h1>\n    <h4 class=\"messagefrom\">Di bawah ini adalah harga eceran biji kopi sangrai kami yang<br>\ntersedia di seluruh dunia<\/h4>\n  <\/div>\n<\/div>"}},"dcf78e32-4660-4745-bd74-046f7a16df0e":{"type":"custom-text-block","disabled":true,"settings":{"container":"container","padding_full_width":0,"mg_top_desktop":55,"mg_top_tablet":15,"mg_top_mobile":15,"mg_bottom_desktop":15,"mg_bottom_tablet":15,"mg_bottom_mobile":15,"brand_bg":"#ffffff","brand_bg_gradient":"","brand_title":"","color_title":"#232323","fontsize_title":16,"fontsize_title_mb":16,"brand_des":"Pilih dari berbagai biji kami, pilih metode pemrosesan dan profil sangrai pilihan anda yang paling cocok untuk anda, apakah biji sangrai bubuk atau utuh, tugas kami adalah membuat perjalanan kopi anda sehat!","color_des":"#000000","fontsize_des":17,"title_align":"center","menu":"","grid_gap":5,"padding_vertical":30,"padding_hozi":5,"border_radius":5,"fontsize_tab":16,"color_tab":"#232323","border_color":"#f9ede1","bg_color_tab":"#f9ede1","bg_color_gradient_tab":"","color_active":"#232323","border_color_active":"#f9ede1","bg_color_active":"#f9ede1","bg_color_gradient_active":""}},"afb09835-3026-44ad-b200-d80f45850964":{"type":"product-tab-block","blocks":{"d6cab08c-0b99-4af2-a935-87e90ffe6ced":{"type":"ProductTabs","settings":{"title":"","collection":"beans"}}},"block_order":["d6cab08c-0b99-4af2-a935-87e90ffe6ced"],"disabled":true,"settings":{"container":"container","padding_full_width":0,"mg_top_desktop":50,"mg_top_tablet":50,"mg_top_mobile":50,"mg_bottom_desktop":50,"mg_bottom_tablet":50,"mg_bottom_mobile":50,"product_block_layout":"grid","product_block_title":"","fontsize_title":16,"fontsize_title_mb":16,"mg_bottom_title":12,"enable_border_title":false,"border_color_title":"#232323","enable_border_title2":false,"border_color_title2":"#232323","color_title":"#232323","title_align":"center","product_block_limit":6,"product_block_per_row":"3","product_block_infinite_scroll":false,"min_width_button":"","product_block_dots":false,"product_block_dots_mb":true,"product_block_arrows":true,"product_block_arrows_mb":false,"product_block_show":"5","product_block_per_view":"3","show_half":true,"scroll_height":4,"scroll_track_bg":"#f1f1f1","scroll_thumb_color":"#000000","scroll_thumb_hover_color":"#444444","enable_hover_drag_icon":true,"position":"left","width_banner":20,"tab_title_style":"style_1","mg_bottom_title_tab":24,"type_tab_font":"font_1","separation":false,"style_separation":"style1","color_separation":"","enable_scroll_title":true,"fontsize_tab":14,"fontsize_tab_mb":14,"font_weight_tab":"700","font_weight_active_tab":"700","spacing_between_title":24,"line_height_tab":20,"line_height_tab_mobile":24,"border_tab_radius":3,"min_width_tab":5,"border_width_tab":3,"color_tab":"#ffffff","border_color_tab":"","bg_color_tab":"#ffffff","bg_color_gradient_tab":"","color_tab_active":"#ffffff","bg_color_tab_active":"#f8f8f8","bg_color_gradient_tab_active":""}},"e6797224-8eb5-4230-aade-46818a8c3157":{"type":"product-block","disabled":true,"custom_css":[".product-card-layout-06 .product-item .card-action {opacity: 1 !important;}","a.button.button-ATC {cursor: pointer; background: #f07002; border: none; padding: 13px 58px; border-radius: 40px; margin-bottom: 20px; color: #fff; margin-top: 0px;}"],"settings":{"container":"container","padding_full_width":0,"disable_padding_content":false,"enable_border_top":false,"enable_border_bottom":false,"border_height":1,"color_border_bottom":"#e8e8e8","enable_minus_mg_top":false,"minus_spacing_top":-100,"mg_top_desktop":50,"mg_top_tablet":50,"mg_top_mobile":50,"mg_bottom_desktop":50,"mg_bottom_tablet":50,"mg_bottom_mobile":50,"product_block_layout":"grid","product_bg":"#ffffff","product_bg_gradient":"","style_block_header":"style2","pd_top_title":30,"product_block_title":"","enable_border_title":false,"enable_border_title_style2":false,"fontsize_title":16,"fontsize_title_mb":16,"mg_bottom_title":12,"mg_bottom_title_mb":12,"border_color_title":"#232323","color_title":"#232323","view_all":"","view_all_align":"center","font_weight_view_all":"400","mg_bottom_view":30,"mg_bottom_view_mb":0,"enable_border_view_all":true,"link_view_all":"","color_view_all":"#3c3c3c","icon_view_all":"","color_view_all_icon":"#eb492f","title_align":"center","button_text":"p","button_text_font_size":14,"button_text_font_weight":"500","button_text_text_transform":"uppercase","product_button_width":270,"pd_top_product_button":12,"pd_bottom_product_button":12,"button_icon":"","mg_bottom_button":55,"enable_button_shadow":false,"color_button":"#ffffff","border_color_button":"#232323","bg_color_button":"#232323","bg_color_gradient_button":"","color_button_hover":"","border_color_button_hover":"","bg_color_button_hover":"","bg_color_gradient_button_hover":"","product_block_collection":"beans","product_block_limit":8,"grid_gap":30,"pb_style":"style3","style_countdown":"style_1","countdown":"","font_size_countdown_text":14,"color_countdown":"#f42b23","countdown_margin_left":15,"product_block_per_row":"4","product_block_infinite_scroll":true,"product_block_swipe_on_mobile":true,"enable_product_card_pd_bottom":false,"product_card_pd_bottom":40,"product_block_dots":false,"product_block_dots_mb":true,"spacing_top_dots":0,"product_block_arrows":true,"product_block_arrows_mb":false,"product_block_show":"4","position_vertical_arrow":"70px","product_block_per_view":"4","show_half":true,"scroll_height":4,"scroll_track_bg":"#f1f1f1","scroll_thumb_color":"#000000","scroll_thumb_hover_color":"#444444","enable_hover_drag_icon":true,"position":"left","width_banner":40,"display_list_collection":false,"collection_color":"#202020","collection_color_hover":"#3e8cc4","collection_bg_color":"#ffffff","collection_bg_color_gradient":"","text_list":"View all categories","url_list":"","enable_layout_special":false,"bg_card":"#ffffff","padding_card":15,"border_radius_card":5,"border_layout_card":"full","border_width_card":5,"border_color_card":"#f0f1f4"}},"2fae8305-2374-4de9-ad03-4eaef95cea50":{"type":"custom-liquid","disabled":true,"settings":{"custom_liquid":"<div class=\"container\">\n  <div class=\"row shopproducts\">\n    <div class=\"col-md-3\">\n      <div class=\"productdetail\">\n        <img src=\"https:\/\/balibeans.com\/wp-content\/uploads\/2019\/04\/product_square.png\" \/>\n        <h3 class=\"productname\"> SEMINYAK BLEND – SINGLE ORIGIN<\/h3>\n        <h4 class=\"productpric\">Rp 9 – Rp 30<\/h4>\n        <button>\n          <a href=\"https:\/\/newbali.myshopify.com\/products\/seminyak-blend-single-origin\">SELECT OPTIONS<\/a>\n        <\/button>\n      <\/div>\n    <\/div>\n    <div class=\"col-md-3\">\n      <div class=\"productdetail\">\n        <img src=\"https:\/\/balibeans.com\/wp-content\/uploads\/2019\/04\/product_square.png\" \/>\n        <h3 class=\"productname\"> BATU BOLONG BLEND SINGLE ORIGIN<\/h3>\n        <h4 class=\"productpric\">Rp 9 – Rp 30<\/h4>\n        <button>\n          <a href=\"https:\/\/newbali.myshopify.com\/products\/batu-bolong-blend-single-origin\">SELECT OPTIONS<\/a>\n        <\/button>\n      <\/div>\n    <\/div>\n    <div class=\"col-md-3\">\n      <div class=\"productdetail\">\n        <img src=\"https:\/\/balibeans.com\/wp-content\/uploads\/2019\/04\/product_square.png\" \/>\n        <h3 class=\"productname\"> JIMBARAN<\/h3>\n        <h4 class=\"productpric\">Rp 7 – Rp 26<\/h4>\n        <button>\n          <a href=\"https:\/\/newbali.myshopify.com\/products\/jimbaran\">SELECT OPTIONS<\/a>\n        <\/button>\n      <\/div>\n    <\/div>\n    <div class=\"col-md-3\">\n      <div class=\"productdetail\">\n        <img src=\"https:\/\/balibeans.com\/wp-content\/uploads\/2019\/04\/product_square.png\" \/>\n        <h3 class=\"productname\"> NATURAL PROCESS: SUDANA FAMILY <\/h3>\n        <h4 class=\"productpric\">Rp 12 – Rp 35<\/h4>\n        <button>\n          <a href=\"https:\/\/newbali.myshopify.com\/products\/natural-process-sudana-family\">SELECT OPTIONS<\/a>\n        <\/button>\n      <\/div>\n    <\/div>\n    <div class=\"col-md-3\">\n      <div class=\"productdetail\">\n        <img src=\"https:\/\/balibeans.com\/wp-content\/uploads\/2019\/04\/product_square.png\" \/>\n        <h3 class=\"productname\"> FULL WASHED PROCESS: KINTAMANI <\/h3>\n        <h4 class=\"productpric\">Rp 9 – Rp 30<\/h4>\n        <button>\n          <a href=\"https:\/\/newbali.myshopify.com\/products\/full-washed-process-kintamani-1\">SELECT OPTIONS<\/a>\n        <\/button>\n      <\/div>\n    <\/div>\n    <div class=\"col-md-3\">\n      <div class=\"productdetail\">\n        <img src=\"https:\/\/balibeans.com\/wp-content\/uploads\/2019\/04\/product_square.png\" \/>\n        <h3 class=\"productname\"> FULL WASHED PROCESS: PLAGA WOMEN <\/h3>\n        <h4 class=\"productpric\">Rp 9 – Rp 30<\/h4>\n        <button>\n          <a href=\"https:\/\/newbali.myshopify.com\/products\/full-washed-process-plaga-women\">SELECT OPTIONS<\/a>\n        <\/button>\n      <\/div>\n    <\/div>\n    <div class=\"col-md-3\">\n      <div class=\"productdetail\">\n        <img src=\"https:\/\/balibeans.com\/wp-content\/uploads\/2019\/04\/product_square.png\" \/>\n        <h3 class=\"productname\"> FULL WASHED PROCESS: SUDANA FAMILY <\/h3>\n        <h4 class=\"productpric\">Rp 9 – Rp 30<\/h4>\n        <button>\n          <a href=\"https:\/\/newbali.myshopify.com\/products\/full-washed-process-sudana-family\">SELECT OPTIONS<\/a>\n        <\/button>\n      <\/div>\n    <\/div>\n    <div class=\"col-md-3\">\n      <div class=\"productdetail\">\n        <img src=\"https:\/\/balibeans.com\/wp-content\/uploads\/2019\/04\/product_square.png\" \/>\n        <h3 class=\"productname\"> BLACK HONEY PROCESS: SUDANA FAMILY <\/h3>\n        <h4 class=\"productpric\">Rp 12 – Rp 35<\/h4>\n        <button>\n          <a href=\"https:\/\/newbali.myshopify.com\/products\/seminyak-blend-single-origin\">SELECT OPTIONS<\/a>\n        <\/button>\n      <\/div>\n    <\/div>\n  <\/div>\n<\/div>"}},"46bf3a05-a4ee-42c2-88ae-e0de86633b7b":{"type":"custom-text-block","disabled":true,"settings":{"container":"container","padding_full_width":0,"mg_top_desktop":60,"mg_top_tablet":20,"mg_top_mobile":20,"mg_bottom_desktop":20,"mg_bottom_tablet":20,"mg_bottom_mobile":20,"brand_bg":"#ffffff","brand_bg_gradient":"","brand_title":"","color_title":"#232323","fontsize_title":16,"fontsize_title_mb":16,"brand_des":"Jika Anda adalah kedai kopi, restoran, hotel atau distributor lokal atau internasional, silakan kirim email kepada kami di <a href=\"mailto:info@balibeans.com\">info@balibeans.com<\/a> untuk harga grosir kami termasuk pengiriman.","color_des":"#000000","fontsize_des":17,"title_align":"center","menu":"","grid_gap":5,"padding_vertical":30,"padding_hozi":1,"border_radius":5,"fontsize_tab":16,"color_tab":"#232323","border_color":"#f9ede1","bg_color_tab":"#f9ede1","bg_color_gradient_tab":"","color_active":"#232323","border_color_active":"#f9ede1","bg_color_active":"#f9ede1","bg_color_gradient_active":""}},"d0c02121-ff1a-43ce-b9e9-b950042406c3":{"type":"custom-text-block","disabled":true,"settings":{"container":"container","padding_full_width":0,"mg_top_desktop":40,"mg_top_tablet":40,"mg_top_mobile":20,"mg_bottom_desktop":40,"mg_bottom_tablet":40,"mg_bottom_mobile":20,"brand_bg":"#ffffff","brand_bg_gradient":"","brand_title":"","color_title":"#232323","fontsize_title":16,"fontsize_title_mb":16,"brand_des":"Terlepas dari metode pemrosesan umum di atas, di Bali Beans kami bangga dengan gaya pemrosesan khas kami. Selain itu, kami terus bereksperimen dengan cara baru untuk meningkatkan cita rasa biji kopi kami yang luar biasa. Hubungi kami untuk mengetahui lebih lanjut.","color_des":"#000000","fontsize_des":16,"title_align":"center","menu":"","grid_gap":5,"padding_vertical":5,"padding_hozi":5,"border_radius":5,"fontsize_tab":16,"color_tab":"#232323","border_color":"#f9ede1","bg_color_tab":"#f9ede1","bg_color_gradient_tab":"","color_active":"#232323","border_color_active":"#f9ede1","bg_color_active":"#f9ede1","bg_color_gradient_active":""}},"5bf34026-0c21-4178-b174-ff3ad85c32bf":{"type":"custom-liquid","disabled":true,"settings":{"custom_liquid":"<div class=\"shoptextrows\">\n<div class=\"container\">\n<div class=\"row\">\n\n<div class=\"col-md-4 leftimgcol lu\">\n<\/div>\n<div class=\"col-md-8 contentcol\">\n<h1 class=\"mainheading\">\nKOPI LUWAK<\/h1>\n<h2 class=\"subheading\">\nRp.700.000 per 200g \n<\/h2>\n<h5 class=\"editiontype\">\nEdisi terbatas<\/h5>\n<p class=\"contentt\">\nDi Bali Beans, kami bangun di pagi hari, mencari kotoran luwak liar di bawah pohon yang adalah rumah mereka. Kami mengumpulkannya saat masih segar dan kami mengolahnya dalam jumlah kecil, sebelum memanggang biji unik ini dengan sempurna. Tidak banyak yang berubah sejak tahun 1985, kecuali sekarang, kami memasukkan anda ke dalam daftar tamu kami! Kopi Luwak premium kami adalah hadiah dari kami sekeluarga untuk orang-orang yang suka mencoba sesuatu yang sedikit berbeda.\n<\/p>\n<ul>\n<li><b>Catatan Rasa:<\/b> Sangat bersih, segar, dengan ketebalan sedang dan sentuhan jeruk yang kuat.<\/li>\n<li><b>Ukuran gilingan:<\/b> Giling Kasar, Giling Halus, Sedang, Biji Utuh<\/li>\n<li><b>Memanggang:<\/b> Filter<\/li>\n<li><b>Berat:<\/b> 200g<\/li>\n<\/ul>\n<button><a href=\"https:\/\/newbali.myshopify.com\/products\/wild-coffee-luwak\">BERBELANJA SEKARANG<\/a><\/button>\n<\/div>\n\n<\/div>\n<\/div>\n<\/div>\n<style>\nbody .leftimgcol.lu {\n    width: 38%;\n    background-image: url(https:\/\/balibeans.com\/wp-content\/uploads\/2023\/12\/File494-1.jpg)!important;\n}\n\n<\/style>"}},"a6671fb5-1c19-4515-9707-2461a3f8118a":{"type":"custom-liquid","disabled":true,"settings":{"custom_liquid":"<div class=\"shoptextrows\">\n<div class=\"container\">\n<div class=\"row\">\n\n<div class=\"col-md-4 leftimgcol tea\">\n<\/div>\n<div class=\"col-md-8 contentcol\">\n<h1 class=\"mainheading\">\nCASCARA TEA : SUDANA FAMILY\n<\/h1>\n<h2 class=\"subheading\">\nRp.350.000 untuk 200G<\/h2>\n<h5 class=\"editiontype\">\nProduk terbatas<\/h5>\n<p class=\"contentt\">\nPernahkah anda mendengar tentang teh yang terbuat dari kulit kopi? Dengan produk pertanian berkelanjutan yang unik dan terbuat dari kulit ceri merah organik berkualitas tinggi, kami menghadirkan rasa teh Cascara Bali yang paling tak terlupakan. Selain berfokus pada biji, selama proses fermentasi dan pengeringan, kami memberikan perhatian penuh pada kulitnya. Kami dengan bangga mempersembahkan salah satu produk terlaris dari perkebunan kopi keluarga kami.<br>\nKarena tenaga kerja yang intensif dan perawatan yang luar biasa, produk Cascara ini hanya tersedia dalam jumlah terbatas.<\/p>\n<ul>\n<li><b>Catatan Rasa:<\/b> Leci, asam jawa dengan siraman madu segar.<\/li>\n<li><b>Ukuran:<\/b> 200g<\/li>\n<\/ul>\n<button><a href=\"https:\/\/newbali.myshopify.com\/products\/cascara-tea-limited-edition-sudana-family\">BERBELANJA SEKARANG<\/a><\/button>\n<\/div>\n\n<\/div>\n<\/div>\n<\/div>\n<style>\nbody .leftimgcol.tea {\n    width: 38%;\n    background-image: url(https:\/\/balibeans.com\/wp-content\/uploads\/2023\/12\/File497-1.jpg)!important;\n}\n\n<\/style>"}},"e7bf3b2b-2863-47b2-a5a1-aa34776f70dd":{"type":"custom-liquid","disabled":true,"settings":{"custom_liquid":"<script>\n\nlet accHeading = document.querySelectorAll(\".accordion\");\nlet accPanel = document.querySelectorAll(\".accordion-panel\");\n\nfor (let i = 0; i < accHeading.length; i++) {\n  \n    accHeading[i].onclick = function() {\n        if (this.nextElementSibling.style.maxHeight) {\n           hidePanels();   \n        } else {\n           showPanel(this); \n        } \n    };\n}\n\n\nfunction showPanel(elem) {\n  hidePanels();\n  elem.classList.add(\"active\");\n  elem.nextElementSibling.style.maxHeight = elem.nextElementSibling.scrollHeight + \"px\";\n}\n\n\nfunction hidePanels() {\n  for (let i = 0; i < accPanel.length; i++) {\n      accPanel[i].style.maxHeight = null;\n      accHeading[i].classList.remove(\"active\");\n  }\n}\n            <\/script>"}},"0679c8bd-31d0-49bc-87c1-a76ab62e4049":{"type":"custom-liquid","disabled":true,"custom_css":[],"settings":{"custom_liquid":"<div class=\"wrapper row\" id=\"wrapper\">\n  <div class=\"col-md-12 headerarea text-center\">\n    <h3 class=\"messageheading1\">Pengalaman Bersama Bali Beans<\/h3>\n    <h1 class=\"titlofmessage\">Belajar tentang kopi<\/h1>\n    <h4 class=\"messagefrom\">Alami perjalanan dari “Kebun ke Cangkir”!<br>\nCari “Bali Beans Journey” untuk tahu lebih lanjut<\/h4>\n  <\/div>\n<\/div>"}},"672c9d20-c6e8-48ac-891e-82fe821ebc87":{"type":"product-tab-block","blocks":{"a0c8fd7a-b324-4750-b75d-393142e0984f":{"type":"ProductTabs","settings":{"title":"","collection":"discover-bali-beans"}}},"block_order":["a0c8fd7a-b324-4750-b75d-393142e0984f"],"disabled":true,"custom_css":[".card-media {padding: 0px !important; min-height: 510px;}",".card-media img {border-radius: 10% !important; max-height: 530px; min-height: 530px; height: 100%; padding-top: 25px; object-fit: cover; padding-left: 20px; padding-right: 20px; padding-bottom: 25px !important;}",".product-item .card * {color: #272727; font-size: 15px; text-transform: uppercase; font-weight: bold;}",".price-item .money {color: var(--product-price-color); font-family: \"Oswald\", Sans-serif; font-size: 28px; letter-spacing: -1.6px; margin: 5px 0px; margin-bottom: 12px;}"],"settings":{"container":"container","padding_full_width":0,"mg_top_desktop":50,"mg_top_tablet":50,"mg_top_mobile":50,"mg_bottom_desktop":50,"mg_bottom_tablet":50,"mg_bottom_mobile":50,"product_block_layout":"grid","product_block_title":"","fontsize_title":16,"fontsize_title_mb":16,"mg_bottom_title":12,"enable_border_title":false,"border_color_title":"#232323","enable_border_title2":false,"border_color_title2":"#232323","color_title":"#232323","title_align":"center","product_block_limit":3,"product_block_per_row":"3","product_block_infinite_scroll":false,"min_width_button":"","product_block_dots":false,"product_block_dots_mb":true,"product_block_arrows":true,"product_block_arrows_mb":false,"product_block_show":"3","product_block_per_view":"3","show_half":true,"scroll_height":4,"scroll_track_bg":"#f1f1f1","scroll_thumb_color":"#000000","scroll_thumb_hover_color":"#444444","enable_hover_drag_icon":true,"position":"left","width_banner":20,"tab_title_style":"style_1","mg_bottom_title_tab":24,"type_tab_font":"font_1","separation":true,"style_separation":"style1","color_separation":"","enable_scroll_title":true,"fontsize_tab":14,"fontsize_tab_mb":14,"font_weight_tab":"700","font_weight_active_tab":"700","spacing_between_title":24,"line_height_tab":20,"line_height_tab_mobile":24,"border_tab_radius":3,"min_width_tab":5,"border_width_tab":3,"color_tab":"#232323","border_color_tab":"","bg_color_tab":"#ffffff","bg_color_gradient_tab":"","color_tab_active":"#232323","bg_color_tab_active":"#f8f8f8","bg_color_gradient_tab_active":""}},"7211acab-62cb-487a-b6b7-afc6cc220c43":{"type":"custom-liquid","disabled":true,"settings":{"custom_liquid":"<div class=\"container\">\n  <div class=\"row shopproducts\">\n  \n  <div class=\"col-md-3\">\n  <div class=\"productdetail\">\n  <img src=\"https:\/\/cdn.shopify.com\/s\/files\/1\/0716\/7233\/2564\/files\/Experience-1.jpg?v=1675939235\" \/>\n  <h3 class=\"productname\"> BALI BEANS JOURNEY FROM CROP TO CUP<\/h3>\n  <h4 class=\"productpric\">Rp 8 – Rp 12<\/h4>\n  <button><a href=\"https:\/\/newbali.myshopify.com\/products\/bali-beans-journey-from-crop-to-cup\">SELECT OPTIONS<\/a><\/button>\n  <\/div>\n  <\/div>\n  \n  <div class=\"col-md-3\">\n  <div class=\"productdetail\">\n  <img src=\"https:\/\/cdn.shopify.com\/s\/files\/1\/0716\/7233\/2564\/files\/Experience-3.jpg?v=1675939235\" \/>\n  <h3 class=\"productname\"> BARISTA TRAINING<\/h3>\n  <h4 class=\"productpric\">Rp 165 – Rp 380<\/h4>\n  <button><a href=\"https:\/\/newbali.myshopify.com\/products\/barista-training\">SELECT OPTIONS<\/a><\/button>\n  <\/div>\n  <\/div>\n  \n  <div class=\"col-md-3\">\n  <div class=\"productdetail\">\n  <img src=\"https:\/\/cdn.shopify.com\/s\/files\/1\/0716\/7233\/2564\/files\/Experience-2.jpg?v=1675939235\" \/>\n  <h3 class=\"productname\"> BARISTA CAMP<\/h3>\n  <h4 class=\"productpric\">Rp 380<\/h4>\n  <button><a href=\"https:\/\/newbali.myshopify.com\/products\/barista-camp\">SELECT OPTIONS<\/a><\/button>\n  <\/div>\n  <\/div>\n   \n  <\/div>\n  <\/div>"}},"e86cdf70-979b-4391-9b79-3de7f619d15b":{"type":"custom-liquid","disabled":true,"custom_css":[],"settings":{"custom_liquid":"<i class=\"fas fa-caret-up\"><\/i><i class=\"fas fa-caret-up\"><\/i><i class=\"fas fa-caret-up\"><\/i><i class=\"fas fa-caret-up\"><\/i>"}}},"order":["eb68587b-00a7-48d0-8c7f-6afede8f671f","custom_liquid_GXdMdi","custom_liquid_X74zDa","custom_liquid_ptc66Q","5dfdc076-90a5-469e-93f5-4cb42c9fcfea","custom_liquid_bwTbVd","custom_liquid_MY88R8","main","7956eb44-57a8-4873-b0e4-9303e112bec0","dcf78e32-4660-4745-bd74-046f7a16df0e","afb09835-3026-44ad-b200-d80f45850964","e6797224-8eb5-4230-aade-46818a8c3157","2fae8305-2374-4de9-ad03-4eaef95cea50","46bf3a05-a4ee-42c2-88ae-e0de86633b7b","d0c02121-ff1a-43ce-b9e9-b950042406c3","5bf34026-0c21-4178-b174-ff3ad85c32bf","a6671fb5-1c19-4515-9707-2461a3f8118a","e7bf3b2b-2863-47b2-a5a1-aa34776f70dd","0679c8bd-31d0-49bc-87c1-a76ab62e4049","672c9d20-c6e8-48ac-891e-82fe821ebc87","7211acab-62cb-487a-b6b7-afc6cc220c43","e86cdf70-979b-4391-9b79-3de7f619d15b"]}