{"parent":"page.template-contact-us-1.json","context":{"market":"id"},"sections":{"174a2468-5d78-48ad-a0e8-a07ba4e4f0d8":{"settings":{"custom_liquid":"<div class=\"customcontact\">\n  <h2>LOKASI<\/h2>\n  <img src=\"https:\/\/cdn.shopify.com\/s\/files\/1\/0716\/7233\/2564\/files\/Bali_beans_logo_with_two_white_lines3.png?v=1682595252\" alt=\"\">\n  <div class=\"custommap\">\n    <div class=\"customcontactcol\">\n      <iframe src=\"https:\/\/www.google.com\/maps\/embed?pb=!1m14!1m8!1m3!1d15793.859917328436!2d115.24503400000002!3d-8.256428!3m2!1i1024!2i768!4f13.1!3m3!1m2!1s0x2dd18b70f6fecaaf%3A0xafc9f788b5810e97!2sBali%20Beans%20Plantation!5e0!3m2!1sen!2sus!4v1675952527136!5m2!1sen!2sus\" width=\"100%\" height=\"450\" style=\"border:0;\" allowfullscreen=\"\" loading=\"lazy\" referrerpolicy=\"no-referrer-when-downgrade\"><\/iframe>\n      <div class=\"row\" style=\"display: flex;flex-wrap: wrap;\">\n        <div class=\"col-md-2 imagess\" style=\"width: 10%;\">\n          <img class=\"img1\" src=\"https:\/\/cdn.shopify.com\/s\/files\/1\/0716\/7233\/2564\/files\/svgexport-7_1.svg?v=1676033266\">\n        <\/div>\n        <div class=\"col-md-8\" style=\"width: 80%;padding-left: 20px;\">\n          <ul style=\"padding-left: 0px;margin-top: 0px;\">\n            <li> BALI BEANS PLANTATION - INDONESIA <br>\n              <span>Lawak village No 1, Plaga, Badung Bali - Indonesia<\/span>\n            <\/li>\n          <\/ul>\n        <\/div>\n      <\/div>\n      <div class=\"row\" style=\"display: flex;flex-wrap: wrap;\">\n        <div class=\"col-md-2 imagess\" style=\"width: 10%;\">\n          <img class=\"img1\" src=\"https:\/\/cdn.shopify.com\/s\/files\/1\/0716\/7233\/2564\/files\/svgexport-7_3.svg?v=1677048181\">\n        <\/div>\n        <div class=\"col-md-8\" style=\"width: 80%;padding-left: 20px;\">\n          <ul style=\"padding-left: 0px;margin-top: 0px;\">\n            <a href=\"tel:+62 878 2450 5018\"> <li> TELEPON: <br>\n              <span>+62 878 2450 5018<\/span>\n            <\/li><\/a>\n          <\/ul>\n        <\/div>\n      <\/div>\n      <div class=\"row\" style=\"display: flex;flex-wrap: wrap;\">\n        <div class=\"col-md-2 imagess\" style=\"width: 10%;\">\n          <img class=\"img1\" src=\"https:\/\/cdn.shopify.com\/s\/files\/1\/0716\/7233\/2564\/files\/svgexport-7_3.svg?v=1677048181\">\n        <\/div>\n        <div class=\"col-md-8\" style=\"width: 80%;padding-left: 20px;\">\n          <ul style=\"padding-left: 0px;margin-top: 0px;\">\n            <a href=\"https:\/\/wa.link\/d1a076\"> <li> WhatsApp : <br>\n              <span>+62 877 7727 8568<\/span>\n            <\/li><\/a>\n          <\/ul>\n        <\/div>\n      <\/div>\n      <div class=\"row\" style=\"display: flex;flex-wrap: wrap;\">\n        <div class=\"col-md-2 imagess\" style=\"width: 10%;\">\n          <img class=\"img1\" src=\"https:\/\/cdn.shopify.com\/s\/files\/1\/0716\/7233\/2564\/files\/svgexport-7_4.svg?v=1677048181\">\n        <\/div>\n        <div class=\"col-md-8\" style=\"width: 80%;padding-left: 20px;\">\n          <ul style=\"padding-left: 0px;margin-top: 0px;\">\n            <a href=\"mailto:info@balibeans.com\"><li> EMAIL: <br>\n              <span>info@balibeans.com<\/span>\n            <\/li><\/a>\n          <\/ul>\n        <\/div>\n      <\/div>\n    <\/div>\n    <div class=\"customcontactcol\">\n      <iframe src=\"https:\/\/www.google.com\/maps\/embed?pb=!1m14!1m8!1m3!1d15776.932423771439!2d115.156446!3d-8.669368!3m2!1i1024!2i768!4f13.1!3m3!1m2!1s0x2dd247fe221bbff3%3A0x6a4c2adfc7a58144!2sBali%20Beans%20Coffee!5e0!3m2!1sen!2sus!4v1675953298574!5m2!1sen!2sus\" width=\"100%\" height=\"450\" style=\"border:0;\" allowfullscreen=\"\" loading=\"lazy\" referrerpolicy=\"no-referrer-when-downgrade\"><\/iframe>\n      <div class=\"row\" style=\"display: flex;flex-wrap: wrap;\">\n        <div class=\"col-md-2 imagess\" style=\"width: 10%;\">\n          <img class=\"img1\" src=\"https:\/\/cdn.shopify.com\/s\/files\/1\/0716\/7233\/2564\/files\/svgexport-7_1.svg?v=1676033266\">\n        <\/div>\n        <div class=\"col-md-8\" style=\"width: 80%;padding-left: 20px;\">\n          <ul style=\"padding-left: 0px;margin-top: 0px;\">\n            <li> BALI BEANS COFFEE - INDONESIA <br>\n              <span>Jln. Umalas 1, Kerobokan Kelod, Kuta Utara Badung, BALI 80361<\/span>\n            <\/li>\n          <\/ul>\n        <\/div>\n      <\/div>\n      <div class=\"row\" style=\"display: flex;flex-wrap: wrap;\">\n        <div class=\"col-md-2 imagess\" style=\"width: 10%;\">\n          <img class=\"img1\" src=\"https:\/\/cdn.shopify.com\/s\/files\/1\/0716\/7233\/2564\/files\/svgexport-7_3.svg?v=1677048181\">\n        <\/div>\n        <div class=\"col-md-8\" style=\"width: 80%;padding-left: 20px;\">\n          <ul style=\"padding-left: 0px;margin-top: 0px;\">\n           <a href=\"tel:+62 877 7727 8568\"> <li> TELEPON: <br>\n              <span>+62 877 7727 8568<\/span>\n            <\/li><\/a>\n          <\/ul>\n        <\/div>\n      <\/div>\n      <div class=\"row\" style=\"display: flex;flex-wrap: wrap;\">\n        <div class=\"col-md-2 imagess\" style=\"width: 10%;\">\n          <img class=\"img1\" src=\"https:\/\/cdn.shopify.com\/s\/files\/1\/0716\/7233\/2564\/files\/svgexport-7_3.svg?v=1677048181\">\n        <\/div>\n        <div class=\"col-md-8\" style=\"width: 80%;padding-left: 20px;\">\n          <ul style=\"padding-left: 0px;margin-top: 0px;\">\n            <a href=\"https:\/\/wa.link\/d1a076\"> <li> WhatsApp : <br>\n              <span>+62 877 7727 8568<\/span>\n            <\/li><\/a>\n          <\/ul>\n        <\/div>\n      <\/div>\n      <div class=\"row\" style=\"display: flex;flex-wrap: wrap;\">\n        <div class=\"col-md-2 imagess\" style=\"width: 10%;\">\n          <img class=\"img1\" src=\"https:\/\/cdn.shopify.com\/s\/files\/1\/0716\/7233\/2564\/files\/svgexport-7_4.svg?v=1677048181\">\n        <\/div>\n        <div class=\"col-md-8\" style=\"width: 80%;padding-left: 20px;\">\n          <ul style=\"padding-left: 0px;margin-top: 0px;\">\n            <a href=\"mailto:info@balibeans.com\"><li> EMAIL: <br>\n              <span>info@balibeans.com<\/span>\n            <\/li><\/a>\n          <\/ul>\n        <\/div>\n      <\/div>\n    <\/div>\n    <div class=\"customcontactcol\">\n      <iframe src=\"https:\/\/www.google.com\/maps\/embed?pb=!1m14!1m8!1m3!1d9569.040908087423!2d-2.096932!3d53.15937!3m2!1i1024!2i768!4f13.1!3m3!1m2!1s0x487a4659abf69c03%3A0x3247a6dd1aa4533a!2sThe%20Knot%20Inn!5e0!3m2!1sen!2sus!4v1675953326451!5m2!1sen!2sus\" width=\"100%\" height=\"450\" style=\"border:0;\" allowfullscreen=\"\" loading=\"lazy\" referrerpolicy=\"no-referrer-when-downgrade\"><\/iframe>\n      <div class=\"row\" style=\"display: flex;flex-wrap: wrap;\">\n        <div class=\"col-md-2 imagess\" style=\"width: 10%;\">\n          <img class=\"img1\" src=\"https:\/\/cdn.shopify.com\/s\/files\/1\/0716\/7233\/2564\/files\/svgexport-7_1.svg?v=1676033266\">\n        <\/div>\n        <div class=\"col-md-8\" style=\"width: 80%;padding-left: 20px;\">\n          <ul style=\"padding-left: 0px;margin-top: 0px;\">\n            <li> BALI BEANS LTD - UNITED KINGDOM <br>\n              <span>The Knot Inn, Station Lane, Rushton Spencer, Cheshire, SK110QU<\/span>\n            <\/li>\n          <\/ul>\n        <\/div>\n      <\/div>\n      <div class=\"row\" style=\"display: flex;flex-wrap: wrap;\">\n        <div class=\"col-md-2 imagess\" style=\"width: 10%;\">\n          <img class=\"img1\" src=\"https:\/\/cdn.shopify.com\/s\/files\/1\/0716\/7233\/2564\/files\/svgexport-7_3.svg?v=1677048181\">\n        <\/div>\n        <div class=\"col-md-8\" style=\"width: 80%;padding-left: 20px;\">\n          <ul style=\"padding-left: 0px;margin-top: 0px;\">\n            <a href=\"tel:+44 7598 133 008\"><li> TELEPON: <br>\n              <span>+44 7598 133 008<\/span>\n            <\/li><\/a>\n          <\/ul>\n        <\/div>\n      <\/div>\n      <div class=\"row\" style=\"display: flex;flex-wrap: wrap;\">\n        <div class=\"col-md-2 imagess\" style=\"width: 10%;\">\n          <img class=\"img1\" src=\"https:\/\/cdn.shopify.com\/s\/files\/1\/0716\/7233\/2564\/files\/svgexport-7_3.svg?v=1677048181\">\n        <\/div>\n        <div class=\"col-md-8\" style=\"width: 80%;padding-left: 20px;\">\n          <ul style=\"padding-left: 0px;margin-top: 0px;\">\n            <a href=\"https:\/\/wa.link\/d1a076\"> <li> WhatsApp : <br>\n              <span>+62 877 7727 8568<\/span>\n            <\/li><\/a>\n          <\/ul>\n        <\/div>\n      <\/div>\n      <div class=\"row\" style=\"display: flex;flex-wrap: wrap;\">\n        <div class=\"col-md-2 imagess\" style=\"width: 10%;\">\n          <img class=\"img1\" src=\"https:\/\/cdn.shopify.com\/s\/files\/1\/0716\/7233\/2564\/files\/svgexport-7_4.svg?v=1677048181\">\n        <\/div>\n        <div class=\"col-md-8\" style=\"width: 80%;padding-left: 20px;\">\n          <ul style=\"padding-left: 0px;margin-top: 0px;\">\n            <a href=\"mailto:info@balibeans.com\"><li> EMAIL: <br>\n              <span>info@balibeans.com<\/span>\n            <\/li><\/a>\n          <\/ul>\n        <\/div>\n      <\/div>\n    <\/div>\n  <\/div>\n<\/div>"},"blocks":{}}}}