{"sections":{"main":{"type":"main-page","disabled":true,"settings":{}},"09750c46-460b-465f-a7a1-b8688225d399":{"type":"custom-liquid","custom_css":[".refundbanner {background-image: url(https:\/\/cdn.shopify.com\/s\/files\/1\/0716\/7233\/2564\/files\/we_process.jpg?v=1676373503); background-position: center; background-repeat: no-repeat; background-size: cover; height: 500px; padding: 16% 0px 0px 115px;}",".refundbanner h2 {color: #ffffff; font-family: \"Oswald\", Sans-serif; font-size: 50px; font-weight: 400; text-transform: uppercase; letter-spacing: 0px; margin: 0; line-height: 50px;}"],"settings":{"custom_liquid":"<div class=\"refundbanner\">\n<h2>PENGEMBALIAN & PENGEMBALIAN DANA<\/h2>\n<\/div>"}},"0832ab30-0636-4801-9cef-f9c55ac2e414":{"type":"custom-liquid","settings":{"custom_liquid":"<div class=\"container\">\n<div class=\"row\">\n<div class=\"col-md-12\">\n<p style=\"font-size: 17px; line-height: 1.6em;\">Bali Beans Coffee dengan senang hati menawarkan kebijakan pengembalian dan pertukaran langsung. Jika Anda memiliki pertanyaan tentang barang yang dibeli dari kami, silakan hubungi kami di <a href=\"mailto:info@balibeans.com\">info@balibeans.com<\/a><\/p>\n<h4 style=\"font-size: 20px; line-height: 1.25em; font-family: 'Poppins';\">KOPI<\/h4>\n<\/div>\n<\/div>\n<\/div>"}},"91df11de-a144-4c3b-a1ba-ef383c4d47f7":{"type":"custom-liquid","settings":{"custom_liquid":"<div class=\"container\">\n<div class=\"row\">\n<div class=\"col-md-12\">\n<ul>\n<li>Tidak ada pengembalian atau pengembalian uang atas kopi yang telah dikirimkan.<\/li>\n<li>Pelanggan dapat membatalkan pesanan mereka hingga 24 jam sebelum pengiriman dengan mengirim email ke <a href=\"mailto:info@balibeans.com\">info@balibeans.com<\/a><\/li>\n<\/ul>\n<h6 style=\"font-size: 20px; line-height: 1.25em; font-family: 'Poppins';\">NON-KOPI<\/h6>\n<\/div>\n<\/div>\n<\/div>"}},"fcebfb61-cc7a-45b9-a8c6-a8d384b53b83":{"type":"custom-liquid","settings":{"custom_liquid":"<div class=\"container\">\n<div class=\"row\">\n<div class=\"col-md-12\"><h1 style=\"color: #31AFD7; font-family: \"Oswald\", Sans-serif; font-size: 50px; font-weight: 400; text-transform: uppercase;\">KEMBALI<\/h1>\n<ul>\n<li>Anda memiliki waktu 7 hari kalender untuk mengembalikan item sejak tanggal faktur.\n<\/li>\n<li>Agar memenuhi syarat untuk pengembalian, barang Anda harus tidak digunakan dan dalam kondisi yang sama seperti Anda menerimanya.\n<\/li>\n<li>Barang Anda harus dalam kemasan aslinya.\n<\/li>\n<li>Barang Anda harus memiliki tanda terima atau bukti pembelian.\n<\/li>\n<\/ul>\n<\/div>\n<\/div>\n<\/div>"}},"b8072fc0-891a-458d-8504-8551e02c91ad":{"type":"custom-liquid","settings":{"custom_liquid":"<div class=\"container\">\n<div class=\"row\">\n<div class=\"col-md-12\"><h1 style=\"color: #31AFD7; font-family: \"Oswald\", Sans-serif; font-size: 50px; font-weight: 400; text-transform: uppercase;\">PENGEMBALIAN DANA<\/h1>\n<ul>\n<li>Setelah kami menerima barang Anda, kami akan memeriksanya dan memberi tahu Anda bahwa kami telah menerima barang Anda yang dikembalikan.<\/li>\n<li>Kami akan segera memberi tahu Anda tentang status pengembalian dana Anda setelah memeriksa barang tersebut.<\/li>\n<li>Jika pengembalian Anda disetujui, kami akan melakukan pengembalian dana ke kartu kredit Anda (atau metode pembayaran awal).<\/li>\n<li>Anda akan menerima kredit dalam jumlah hari tertentu, tergantung pada kebijakan penerbit kartu Anda.<\/li>\n<li>Jika barang telah diantar ke pelanggan, Anda dapat meminta pengambilan dengan biaya Rp 500.000, yang akan dipotong dari jumlah pengembalian dana Anda.<\/li>\n<\/ul>\n<\/div>\n<\/div>\n<\/div>"}},"8e730493-638a-4e9c-b54f-46ef46012790":{"type":"custom-liquid","settings":{"custom_liquid":"<div class=\"container\">\n<div class=\"row\">\n<div class=\"col-md-12\"><h1 style=\"color: #31AFD7; font-family: \"Oswald\", Sans-serif; font-size: 50px; font-weight: 400; text-transform: uppercase;\">INTERNASIONAL<\/h1>\n<p style=\"font-size: 17px; line-height: 1.6em;\">Semua penjualan internasional adalah FINAL. Pengembalian, penukaran, atau pengecualian tidak akan diizinkan.<\/p>\n<\/div>\n<\/div>\n<\/div>"}},"b5236d29-74de-4f2c-a249-58dd066f7864":{"type":"custom-liquid","settings":{"custom_liquid":"<div class=\"container\">\n<div class=\"row\">\n<div class=\"col-md-12\"><h1 style=\"color: #31AFD7; font-family: \"Oswald\", Sans-serif; font-size: 50px; font-weight: 400; text-transform: uppercase;\">PEMBATALAN PESANAN<\/h1>\n<p style=\"font-size: 17px; line-height: 1.6em;\">Kami ingin Anda merasa senang dan nyaman membeli dari Bali Beans Coffee. Oleh karena itu, jika Anda ingin membatalkan pesanan yang telah Anda buat, pembatalan hanya dapat dilakukan dengan mengirimkan email ke <a href=\"mailto:info@balibeans.com\">info@balibeans.com<\/a> 24 jam sebelum pengiriman. Setelah kiriman Anda dalam perjalanan ke Anda, sayangnya, kami tidak akan dapat membatalkannya.<\/p>\n<\/div>\n<\/div>\n<\/div>"}},"7ece8857-7eec-46ff-a18b-4b645d7ed43a":{"type":"custom-liquid","settings":{"custom_liquid":"<div class=\"container\">\n<div class=\"row\">\n<div class=\"col-md-12\"><h1 style=\"color: #31AFD7; font-family: \"Oswald\", Sans-serif; font-size: 50px; font-weight: 400; text-transform: uppercase;\">SYARAT & KETENTUAN<\/h1>\n<p style=\"font-size: 17px; line-height: 1.6em;\">Semua deskripsi dan gambar item akurat sejauh pengetahuan dan kemampuan kami dan sama sekali tidak dijamin lengkap. Bali Beans Coffee tidak bertanggung jawab atas bea masuk, pajak, biaya bea cukai atau biaya lain yang timbul dengan pengiriman internasional. Merupakan tanggung jawab klien untuk menyelidiki dan memahami biaya terkait ini serta legalitas negara mereka sendiri sebelum membeli.<\/p>\n<p style=\"font-size: 17px; line-height: 1.6em;\">Jika suatu barang ditolak pengirimannya oleh klien dengan pesanan internasional karena alasan apa pun, tidak ada pengembalian uang yang akan diberikan, dan biaya tambahan akan berlaku.<\/p><\/div>\n<\/div>\n<\/div>"}}},"order":["main","09750c46-460b-465f-a7a1-b8688225d399","0832ab30-0636-4801-9cef-f9c55ac2e414","91df11de-a144-4c3b-a1ba-ef383c4d47f7","fcebfb61-cc7a-45b9-a8c6-a8d384b53b83","b8072fc0-891a-458d-8504-8551e02c91ad","8e730493-638a-4e9c-b54f-46ef46012790","b5236d29-74de-4f2c-a249-58dd066f7864","7ece8857-7eec-46ff-a18b-4b645d7ed43a"]}