{"parent":"page.shop-online.json","context":{"market":"id"},"sections":{"aedb2acf-e705-49b9-833e-28be6a59ea57":{"type":"product-tab-block","disabled":false,"settings":{"header-3c136e2aa0ff904896504315d08e46c1":null,"container":"container","padding_full_width":0,"header-73f69e5b524db55ce7e15b02bb983ef8":null,"mg_top_desktop":50,"mg_top_tablet":50,"mg_top_mobile":50,"header-5dcbc9955c45678714503724b34b6ee7":null,"mg_bottom_desktop":50,"mg_bottom_tablet":50,"mg_bottom_mobile":50,"product_block_layout":"grid","product_block_title":"Mesin Kami","fontsize_title":16,"fontsize_title_mb":16,"mg_bottom_title":12,"enable_border_title":true,"border_color_title":"#232323","enable_border_title2":false,"border_color_title2":"#232323","color_title":"#232323","title_align":"center","product_block_limit":8,"header-1680cb67e99d05e3f35e86705d211160":null,"product_block_per_row":"4","product_block_infinite_scroll":true,"min_width_button":"","header-20eb375c32c0d044f08f7197f4fc6f20":null,"product_block_dots":false,"product_block_dots_mb":true,"product_block_arrows":true,"product_block_arrows_mb":false,"product_block_show":"5","header-5087d448a0c917b465c534c49e3e1853":null,"product_block_per_view":"4","show_half":true,"scroll_height":4,"scroll_track_bg":"#f1f1f1","scroll_thumb_color":"#000","scroll_thumb_hover_color":"#444","enable_hover_drag_icon":true,"header-fec4e9dbd7a74ae903f6eedf71b981b4":null,"position":"left","width_banner":20,"header-e89d99d521e6985fb40d855cafc5e693":null,"tab_title_style":"style_1","mg_bottom_title_tab":24,"type_tab_font":"font_1","separation":true,"style_separation":"style1","color_separation":"","enable_scroll_title":true,"fontsize_tab":14,"fontsize_tab_mb":14,"font_weight_tab":"700","font_weight_active_tab":"700","spacing_between_title":24,"line_height_tab":20,"line_height_tab_mobile":24,"border_tab_radius":3,"min_width_tab":5,"border_width_tab":3,"color_tab":"#232323","border_color_tab":"","bg_color_tab":"#fff","bg_color_gradient_tab":"","color_tab_active":"#232323","bg_color_tab_active":"#f8f8f8","bg_color_gradient_tab_active":""},"blocks":{"52c46b4d-526f-40ec-ad86-1010f0758f49":{"type":"ProductTabs","disabled":false,"settings":{"title":"Womens","collection":"machines"}}},"block_order":["52c46b4d-526f-40ec-ad86-1010f0758f49"]}},"order":["main","eb68587b-00a7-48d0-8c7f-6afede8f671f","7956eb44-57a8-4873-b0e4-9303e112bec0","dcf78e32-4660-4745-bd74-046f7a16df0e","afb09835-3026-44ad-b200-d80f45850964","aedb2acf-e705-49b9-833e-28be6a59ea57","e6797224-8eb5-4230-aade-46818a8c3157","2fae8305-2374-4de9-ad03-4eaef95cea50","46bf3a05-a4ee-42c2-88ae-e0de86633b7b","0bdf1d0f-1841-46b1-bd31-a92d3e6fca0c","d0c02121-ff1a-43ce-b9e9-b950042406c3","5bf34026-0c21-4178-b174-ff3ad85c32bf","a6671fb5-1c19-4515-9707-2461a3f8118a","5dfdc076-90a5-469e-93f5-4cb42c9fcfea","e7bf3b2b-2863-47b2-a5a1-aa34776f70dd","0679c8bd-31d0-49bc-87c1-a76ab62e4049","672c9d20-c6e8-48ac-891e-82fe821ebc87","7211acab-62cb-487a-b6b7-afc6cc220c43","e86cdf70-979b-4391-9b79-3de7f619d15b"]}