{"sections":{"main":{"type":"main-page","settings":{}},"7f1984f5-189b-4ef2-9e55-c4b4ff27ffb9":{"type":"custom-liquid","settings":{"custom_liquid":"<video class=\"home-video\" width=\"100%\" height=\"700\" muted=\"\" controls=\"\" allow=\"autoplay\" autoplay=\"\" loop=\"true\" style=\"\n    object-fit: cover;\">\n \n <source src=\"https:\/\/cdn.shopify.com\/videos\/c\/o\/v\/0e5e3165a7ff4ca499e18cd81b81cdc9.mp4\">\n\n<\/video>\n<script>\n    document.getElementById('vid').play();\n<\/script>"}},"c8cc2676-d4a5-4098-a16e-5a910c37fc89":{"type":"custom-liquid","settings":{"custom_liquid":"<div class=\"custompost\">\n      <div class=\"custompostimg\">\n        <a href=\"\">\n        <img src=\"https:\/\/cdn.shopify.com\/s\/files\/1\/0716\/7233\/2564\/files\/ayupress.jpg?v=1675851269\" alt=\"\">\n        <\/a>\n      <\/div>\n\n      <div class=\"customposttext\">\n        <h2> <a href=\"\" class=\"postheading\"> UFF20 Presented by ABC Local Heroes Series: Ayu Sudana<\/a><\/h2>\n\n        <p>With the theme Heroes, Ubud Food Festival 2020 Presented by ABC highlights figures behind the Indonesian culinary scene, who play a significant role in nourishing Indonesia’s gastronomic world. For our sixth year, we want to recognize and celebrate the people behind the extraordinary flavors and evolving stories of Indonesia’s culinary landscape says our Founder & Director Janet DeNeefe. For the third installment of our Local Heroes series, we speak to Ayu Sudana, Managing Partner of Bali Beans in Badung, Bali.<\/p>\n        <a href=\"#\" class=\"postreadmore\">Read More  >> <\/a>\n      <\/div>\n    <\/div>"}},"d7cd7b8e-b8e6-4a4c-9092-d93f8fa18b17":{"type":"custom-liquid","settings":{"custom_liquid":"<div class=\"custompost\">\n        <div class=\"custompostimg\">\n          <a href=\"\">\n          <img src=\"https:\/\/cdn.shopify.com\/s\/files\/1\/0716\/7233\/2564\/files\/Bali-camera.jpg?v=1675853180\" alt=\"\">\n          <\/a>\n        <\/div>\n  \n        <div class=\"customposttext\">\n          <h2> <a href=\"\" class=\"postheading\"> Bali Beans – Foodiesfeed Magazine<\/a><\/h2>\n  \n          <p>Once upon a time in the misty green hills of Bali, there was a wonderfulcoffee farmowned by a lovely Sudana family. Please dont be mistaken! It was not only some ordinary coffee plantation with hundreds of tourists andovergrowncoffee trees. This family business is serious their own coffee is organic and grown on 2 hectares of carefully maintained soil. Then it is thoroughly processed, roasted and brewed right in front of your eyes.<\/p>\n          <a href=\"#\" class=\"postreadmore\">Read More  >> <\/a>\n        <\/div>\n      <\/div>"}},"b33b6e44-0b20-4b6a-ab2f-d67f6eb8681e":{"type":"custom-liquid","settings":{"custom_liquid":"<div class=\"custompost\">\n        <div class=\"custompostimg\">\n          <a href=\"\">\n          <img src=\"https:\/\/cdn.shopify.com\/s\/files\/1\/0716\/7233\/2564\/files\/Balicamera-313.jpg?v=1675853179\" alt=\"\">\n          <\/a>\n        <\/div>\n  \n        <div class=\"customposttext\">\n          <h2> <a href=\"\" class=\"postheading\"> The Hotel Critic visited Bali Beans! Family Farm with Rich History<\/a><\/h2>\n  \n          <p>Everybody loves a good cup of coffee right The rich, smooth feel of something so perfectly brewed you cant help but hold the mug just that much closer Well as much as we all love the final product, we dont often get to find out where it comes from. And even less often see where it comes from. Generally, we all know it comes from a farm, but a farm can mean any number of generic things.<\/p>\n          <a href=\"#\" class=\"postreadmore\">Read More  >> <\/a>\n        <\/div>\n      <\/div>"}},"277b2ef8-0870-443a-9853-4c2c3aee0f54":{"type":"custom-liquid","settings":{"custom_liquid":"<div class=\"custompost\">\n        <div class=\"custompostimg\">\n          <a href=\"\">\n          <img src=\"https:\/\/cdn.shopify.com\/s\/files\/1\/0716\/7233\/2564\/files\/Balicamera-315.jpg?v=1675853179\" alt=\"\">\n          <\/a>\n        <\/div>\n  \n        <div class=\"customposttext\">\n          <h2> <a href=\"\" class=\"postheading\"> The Ancient Wisdom: Food Forest System<\/a><\/h2>\n  \n          <p>A story of Mrs. Wayan Sari, a female coffee farmer from Belok Sidan Village who has dedicated her life for growing organic Bali Beans Coffee since 1981. We will look into her family collaboration and opinions in tackling the climate change with Balinese traditional values and ancient wisdoms.<\/p>\n          <a href=\"#\" class=\"postreadmore\">Read More  >> <\/a>\n        <\/div>\n      <\/div>"}},"d57df75b-07d3-4262-a391-7b81f686e35a":{"type":"custom-liquid","settings":{"custom_liquid":"<div class=\"custompost\">\n        <div class=\"custompostimg\">\n          <a href=\"\">\n          <img src=\"https:\/\/cdn.shopify.com\/s\/files\/1\/0716\/7233\/2564\/files\/Mason-Grid.jpg?v=1675853180\" alt=\"\">\n          <\/a>\n        <\/div>\n  \n        <div class=\"customposttext\">\n          <h2> <a href=\"\" class=\"postheading\"> What is Shade-Grown Coffee<\/a><\/h2>\n  \n          <p>If you have visited Bali Beans coffee plantation, you will notice that their coffee trees are growing haphazardly around the terrain, in amongst taller trees<\/p>\n          <a href=\"#\" class=\"postreadmore\">Read More  >> <\/a>\n        <\/div>\n      <\/div>"}},"aecc186e-2249-4780-8844-10399e6e5593":{"type":"custom-liquid","settings":{"custom_liquid":"<div class=\"custompost\">\n        <div class=\"custompostimg\">\n          <a href=\"\">\n          <img src=\"https:\/\/cdn.shopify.com\/s\/files\/1\/0716\/7233\/2564\/files\/05-kopi-plagaayusudana.jpg?v=1675853179\" alt=\"\">\n          <\/a>\n        <\/div>\n  \n        <div class=\"customposttext\">\n          <h2> <a href=\"\" class=\"postheading\"> What is Direct Trade Coffee?<\/a><\/h2>\n  \n          <p>When Bali Beans decided to open their business right up in the mountains, on the border between Plaga and Kintamani, it seemed somewhat counter-intuitive. They are over an hour from the big coffee-drinking centres of Kuta, Canggu, Seminyak and Ubud, making distribution more complicated.<\/p>\n          <a href=\"#\" class=\"postreadmore\">Read More  >> <\/a>\n        <\/div>\n      <\/div>"}},"e402a7d7-cbcc-4dd6-a814-ac67e3ca2ef7":{"type":"custom-liquid","settings":{"custom_liquid":"<div class=\"custompost\">\n        <div class=\"custompostimg\">\n          <a href=\"\">\n          <img src=\"https:\/\/cdn.shopify.com\/s\/files\/1\/0716\/7233\/2564\/files\/FROM-DUSK-TILL-DAWN-INCOFFEEDELUSION.jpg?v=1675853179\" alt=\"\">\n          <\/a>\n        <\/div>\n  \n        <div class=\"customposttext\">\n          <h2> <a href=\"\" class=\"postheading\"> Bali Beans From Crop to Cup<\/a><\/h2>\n  \n          <p>There’s not much I won’t do for a cup of coffee, but when I looked at the map of northern Bali to find the location<\/p>\n          <a href=\"#\" class=\"postreadmore\">Read More  >> <\/a>\n        <\/div>\n      <\/div>"}},"bf3d48ca-6f3c-4a53-8233-1aeb139dec57":{"type":"custom-liquid","settings":{"custom_liquid":""}},"7471a2fe-175b-4afe-9f67-0438ea160500":{"type":"custom-liquid","settings":{"custom_liquid":"<div class=\"custompost\">\n        <div class=\"custompostimg\">\n          <a href=\"\">\n          <img src=\"https:\/\/cdn.shopify.com\/s\/files\/1\/0716\/7233\/2564\/files\/03-kopi-plagakebunplaga.jpg?v=1675853179\" alt=\"\">\n          <\/a>\n        <\/div>\n  \n        <div class=\"customposttext\">\n          <h2> <a href=\"\" class=\"postheading\"> Menelusuri Kebun Kopi Plaga, Melacak Arabika Bali Mula-mula<\/a><\/h2>\n  \n          <p>Minggu lalu seorang kawan mengajak untuk berkunjung ke kebun kopi di daerah Plaga.Gimmickdi ajakannya: Perkebunan kopi ini lebih dulu ada sebelum [perkebunan kopi] di Kintamani.<\/p>\n          <a href=\"#\" class=\"postreadmore\">Read More  >> <\/a>\n        <\/div>\n      <\/div>"}},"0d1d9ad6-a6ac-447d-9ee0-bae4fa88638c":{"type":"custom-liquid","settings":{"custom_liquid":"<div class=\"custompost\">\n        <div class=\"custompostimg\">\n          <a href=\"\">\n          <img src=\"https:\/\/cdn.shopify.com\/s\/files\/1\/0716\/7233\/2564\/files\/04-kopi-plaga-memetikkopi.jpg?v=1675853179\" alt=\"\">\n          <\/a>\n        <\/div>\n  \n        <div class=\"customposttext\">\n          <h2> <a href=\"\" class=\"postheading\"> Explore Arabica Bali Bean Coffee Plantation Plaga Bali<\/a><\/h2>\n  \n          <a href=\"#\" class=\"postreadmore\">Read More  >> <\/a>\n        <\/div>\n      <\/div>"}},"34beb7db-5649-4093-a728-8e87e750f571":{"type":"custom-liquid","settings":{"custom_liquid":"<div class=\"custompost\">\n        <div class=\"custompostimg\">\n          <a href=\"\">\n          <img src=\"https:\/\/cdn.shopify.com\/s\/files\/1\/0716\/7233\/2564\/files\/08-kopi-plaga-kopikering.jpg?v=1675853179\" alt=\"\">\n          <\/a>\n        <\/div>\n  \n        <div class=\"customposttext\">\n          <h2> <a href=\"\" class=\"postheading\"> From Dusk till Dawn in Coffee Delusion<\/a><\/h2>\n  \n          <p>Bali ist eine Kaffee-Insel! Glaubt ihr nicht Ist aber so! Ich meine damit nicht nur die Cafs und Coffee Shops, die es gerade in den<\/p>\n          <a href=\"#\" class=\"postreadmore\">Read More  >> <\/a>\n        <\/div>\n      <\/div>"}},"5d319b4b-01ea-42bc-af73-abf8048fff2d":{"type":"blog-posts-list","settings":{"container":"container","padding_full_width":0,"mg_top_desktop":50,"mg_top_tablet":50,"mg_top_mobile":50,"mg_bottom_desktop":50,"mg_bottom_tablet":50,"mg_bottom_mobile":50,"featured_blog_title":"Latest Posts","blog_posts":"press","item_distance":15,"post_limit":3,"limit_content_des":22,"margin_bottom_title":0,"margin_bottom_info":13,"margin_bottom_des":6,"show_more_button_text_color":"#3c3c3c","show_more_button_border_color":"#1e1e1e","show_more_button_background_color":"#1e1e1e","show_more_button_text_color_hover":"#000","show_more_button_border_color_hover":"#fff","show_more_button_background_color_hover":"#fff","view_all":"","font_weight_view_all":"400","mg_top_view":0,"enable_border_view_all":true,"link_view_all":"","color_view_all":"#3c3c3c"}}},"order":["main","7f1984f5-189b-4ef2-9e55-c4b4ff27ffb9","c8cc2676-d4a5-4098-a16e-5a910c37fc89","d7cd7b8e-b8e6-4a4c-9092-d93f8fa18b17","b33b6e44-0b20-4b6a-ab2f-d67f6eb8681e","277b2ef8-0870-443a-9853-4c2c3aee0f54","d57df75b-07d3-4262-a391-7b81f686e35a","aecc186e-2249-4780-8844-10399e6e5593","e402a7d7-cbcc-4dd6-a814-ac67e3ca2ef7","bf3d48ca-6f3c-4a53-8233-1aeb139dec57","7471a2fe-175b-4afe-9f67-0438ea160500","0d1d9ad6-a6ac-447d-9ee0-bae4fa88638c","34beb7db-5649-4093-a728-8e87e750f571","5d319b4b-01ea-42bc-af73-abf8048fff2d"]}