{"sections":{"main":{"type":"main-page","disabled":true,"settings":{}},"222220dd-d77c-40ba-b45a-87c8077e124b":{"type":"custom-liquid","settings":{"custom_liquid":"<video class=\"home-video\" width=\"100%\" height=\"700\" muted=\"\" controls=\"\" allow=\"autoplay\" autoplay=\"\" loop=\"true\" style=\"\n    object-fit: cover;\">\n \n <source src=\"https:\/\/cdn.shopify.com\/videos\/c\/o\/v\/0e5e3165a7ff4ca499e18cd81b81cdc9.mp4\">\n\n<\/video>\n<script>\n    document.getElementById('vid').play();\n<\/script>"}},"38cb82cd-4841-49db-990e-3aa30a28f44c":{"type":"custom-text-block","settings":{"container":"container","padding_full_width":0,"mg_top_desktop":20,"mg_top_tablet":0,"mg_top_mobile":0,"mg_bottom_desktop":0,"mg_bottom_tablet":0,"mg_bottom_mobile":0,"brand_bg":"#ffffff","brand_bg_gradient":"","brand_title":"TERAPKAN UNTUK DISTRIBUSI","color_title":"#31afd7","fontsize_title":50,"fontsize_title_mb":30,"brand_des":"","color_des":"#3c3c3c","fontsize_des":16,"title_align":"left","menu":"","grid_gap":5,"padding_vertical":5,"padding_hozi":5,"border_radius":5,"fontsize_tab":16,"color_tab":"#232323","border_color":"#f9ede1","bg_color_tab":"#f9ede1","bg_color_gradient_tab":"","color_active":"#232323","border_color_active":"#f9ede1","bg_color_active":"#f9ede1","bg_color_gradient_active":""}},"e72db438-78d6-4332-9ca6-dd7aa8bfeac4":{"type":"custom-liquid","custom_css":[".distribution {display: flex; flex-wrap: wrap; padding: 50px 30px; max-width: 1700px; margin: auto;}",".distribution-col {width: 50%;}",".distribution-col1 {width: 50%; background-image: url(https:\/\/cdn.shopify.com\/s\/files\/1\/0716\/7233\/2564\/files\/shop_1194c2c3-f71b-47d6-a312-93104e6f864f.jpg?v=1676444633); background-position: center; background-repeat: no-repeat; background-size: cover;}"],"settings":{"custom_liquid":"<div class=\"distribution\">\n<div class=\"distribution-col\"><h2><\/h2>\n<div class=\"globo-formbuilder\" data-id=\"MTA1MTc0\"><\/div>\n<\/div>\n<div class=\"distribution-col1\">\n\n<\/div>\n<\/div>"}}},"order":["main","222220dd-d77c-40ba-b45a-87c8077e124b","38cb82cd-4841-49db-990e-3aa30a28f44c","e72db438-78d6-4332-9ca6-dd7aa8bfeac4"]}